seed,model,ECE_det,Brier_det,ECE_fam,Brier_fam
0,single pass,0.005849962156163675,0.007748224886133669,0.026375846190827425,0.10966595732137151
0,MC dropout,0.0074272598850149375,0.007326379981188721,0.026351129482045044,0.10776805300278042
1,single pass,0.008079004756732334,0.008530227642017763,0.021076870281403,0.09429638448132033
1,MC dropout,0.011174618205823389,0.008917854472977422,0.02126388442914243,0.09423147719685776
2,single pass,0.006735774309418971,0.008186896288866272,0.010360489975819601,0.09621110218139714
2,MC dropout,0.011991513957456117,0.0095259755320059,0.045969582664035155,0.10199285271777807
3,single pass,0.005038657015639592,0.006038986905895671,0.012137231027391672,0.0816716216010884
3,MC dropout,0.009338709151290453,0.00652029641062656,0.036710331129374156,0.08627669234975374
4,single pass,0.00756164026456879,0.008257000019484066,0.020296079391486255,0.09086739724954276
4,MC dropout,0.005540128665352795,0.007994827317207487,0.018826060491345078,0.09060247226914711
