config,B1_CFR,SR_CFR,B1_CFR_T1,SR_CFR_T1,B1_SAR,SR_SAR,SR_cont,B1_benign,SR_benign,AUC,harm_share,caught
"Base (60 hosts, θ=0.5)",0.020381990699408735,0.001076087566431344,0.08894571038500823,0.0,0.9795214044111129,0.9989184873060065,0.8651898725674304,0.012177919883157074,0.0011383708291777326,0.9559565338940816,0.060833333333333336,0.821917808219178
θ = 0.3,0.004943952573694506,0.0,0.024862666048008065,0.0,0.9949514648565734,0.9999945559072903,0.8651898725674304,0.012177919883157074,0.0011383708291777326,0.9840787623066104,0.0125,1.0
θ = 0.7,0.06418354814162519,0.004856215995341001,0.28305960808260455,0.0,0.9357291337962261,0.9951384726679834,0.8651898725674304,0.012177919883157074,0.0011383708291777326,0.9921855369616563,0.33,0.5858585858585859
30 hosts,0.02543165449719967,0.0020215363507246203,0.12024123221727867,0.0,0.9743722133227536,0.99796772980092,0.8651898725674304,0.012177919883157074,0.0011383708291777326,0.9386822351959967,0.09166666666666666,0.6727272727272727
120 hosts,0.0017838278589088746,0.00047293077397507846,0.0057633912036361215,0.0,0.9981640090501191,0.9995243518811142,0.8651898725674304,0.012177919883157074,0.0011383708291777326,0.985240879977722,0.0025,1.0
Tier 1: 2 DC + 4 DB,0.014860075534267894,0.001351546539462474,0.12098740571033444,0.0,0.9850278761699437,0.998641355471053,0.8689384991608069,0.012177919883157074,0.0011383708291777326,0.9698224748883928,0.05185185185185185,0.75
Tier 1: 6 DC + 12 DB,0.0062757542961274365,0.0008499270065962024,0.019915649761910823,0.0,0.9936295458063835,0.999146141039774,0.8622755255401522,0.012177919883157074,0.0011383708291777326,0.9612972972972973,0.01893939393939394,0.92
No DB replicas,0.021404928285535536,0.001017685010209276,0.09579357469183633,0.0,0.9784985827878879,0.9989758477745108,0.870566302159434,0.012177919883157074,0.0011383708291777326,0.9831896970154567,0.06916666666666667,0.9156626506024096
2 DB replicas,0.019834378984895443,0.0009922000331129108,0.0872559778415731,0.0,0.9800689469374237,0.9990023558741772,0.8651898725674304,0.012177919883157074,0.0011383708291777326,0.9795040350595905,0.055,0.9242424242424242
Sparse dependencies,0.028990943571574657,0.0021234059422183017,0.1274147406126299,0.0,0.9709138784564353,0.997871206860515,0.8651898725674304,0.012177919883157074,0.0011383708291777326,0.9659030195840012,0.185,0.7747747747747747
Dense dependencies,0.0182273857937707,0.0,0.08479482773471494,0.0,0.9816756588247371,0.9999945559072903,0.8651898725674304,0.012177919883157074,0.0011383708291777326,0.9853487253487254,0.0375,1.0
"Weights U[0.2, 0.95]",0.021386008266686792,0.0013230128355252856,0.0942254818209471,0.0,0.9785164751812795,0.9986715620369125,0.8651898725674304,0.012177919883157074,0.0011383708291777326,0.9519431574244057,0.0775,0.7956989247311828
"Weights U[0.6, 0.95]",0.019375216587581203,0.0010672857091030487,0.0849864518440965,0.0,0.9805281785229404,0.9989272891633348,0.8651898725674304,0.012177919883157074,0.0011383708291777326,0.9545035174720332,0.0575,0.8115942028985508
