eG,eT1,pol,cont,benign,CFR,SAR
0.7,0.6,B1,0.9926217238764453,0.012177919883157074,0.020381990699408735,0.9795214044111129
0.7,0.6,B2,0.9436382743865751,0.0018953105748978354,0.01927271111852627,0.9807110530518651
0.7,0.6,B3,0.6948352067135117,0.012177919883157074,0.0,1.0
0.7,0.6,SR-DMAF,0.8148625886094987,0.0011383708291777326,0.001076087566431344,0.9989184873060065
0.7,0.8,B1,0.9926217238764453,0.012177919883157074,0.020381990699408735,0.9795214044111129
0.7,0.8,B2,0.9436382743865751,0.0018953105748978354,0.01927271111852627,0.9807110530518651
0.7,0.8,B3,0.6948352067135117,0.012177919883157074,0.0,1.0
0.7,0.8,SR-DMAF,0.823002915153312,0.0011383708291777326,0.001076087566431344,0.9989184873060065
0.7,0.9,B1,0.9926217238764453,0.012177919883157074,0.020381990699408735,0.9795214044111129
0.7,0.9,B2,0.9436382743865751,0.0018953105748978354,0.01927271111852627,0.9807110530518651
0.7,0.9,B3,0.6948352067135117,0.012177919883157074,0.0,1.0
0.7,0.9,SR-DMAF,0.8270730784252189,0.0011383708291777326,0.001076087566431344,0.9989184873060065
0.8,0.6,B1,0.9926217238764453,0.012177919883157074,0.020381990699408735,0.9795214044111129
0.8,0.6,B2,0.9436382743865751,0.0018953105748978354,0.01927271111852627,0.9807110530518651
0.8,0.6,B3,0.7940973791011562,0.012177919883157074,0.0,1.0
0.8,0.6,SR-DMAF,0.8317373715751459,0.0011383708291777326,0.001076087566431344,0.9989184873060065
0.8,0.8,B1,0.9926217238764453,0.012177919883157074,0.020381990699408735,0.9795214044111129
0.8,0.8,B2,0.9436382743865751,0.0018953105748978354,0.01927271111852627,0.9807110530518651
0.8,0.8,B3,0.7940973791011562,0.012177919883157074,0.0,1.0
0.8,0.8,SR-DMAF,0.8398776981189595,0.0011383708291777326,0.001076087566431344,0.9989184873060065
0.8,0.9,B1,0.9926217238764453,0.012177919883157074,0.020381990699408735,0.9795214044111129
0.8,0.9,B2,0.9436382743865751,0.0018953105748978354,0.01927271111852627,0.9807110530518651
0.8,0.9,B3,0.7940973791011562,0.012177919883157074,0.0,1.0
0.8,0.9,SR-DMAF,0.8439478613908662,0.0011383708291777326,0.001076087566431344,0.9989184873060065
0.9,0.6,B1,0.9926217238764453,0.012177919883157074,0.020381990699408735,0.9795214044111129
0.9,0.6,B2,0.9436382743865751,0.0018953105748978354,0.01927271111852627,0.9807110530518651
0.9,0.6,B3,0.893359551488801,0.012177919883157074,0.0,1.0
0.9,0.6,SR-DMAF,0.8486121545407933,0.0011383708291777326,0.001076087566431344,0.9989184873060065
0.9,0.8,B1,0.9926217238764453,0.012177919883157074,0.020381990699408735,0.9795214044111129
0.9,0.8,B2,0.9436382743865751,0.0018953105748978354,0.01927271111852627,0.9807110530518651
0.9,0.8,B3,0.893359551488801,0.012177919883157074,0.0,1.0
0.9,0.8,SR-DMAF,0.8567524810846068,0.0011383708291777326,0.001076087566431344,0.9989184873060065
0.9,0.9,B1,0.9926217238764453,0.012177919883157074,0.020381990699408735,0.9795214044111129
0.9,0.9,B2,0.9436382743865751,0.0018953105748978354,0.01927271111852627,0.9807110530518651
0.9,0.9,B3,0.893359551488801,0.012177919883157074,0.0,1.0
0.9,0.9,SR-DMAF,0.8608226443565135,0.0011383708291777326,0.001076087566431344,0.9989184873060065
0.95,0.6,B1,0.9926217238764453,0.012177919883157074,0.020381990699408735,0.9795214044111129
0.95,0.6,B2,0.9436382743865751,0.0018953105748978354,0.01927271111852627,0.9807110530518651
0.95,0.6,B3,0.9429906376826229,0.012177919883157074,0.0,1.0
0.95,0.6,SR-DMAF,0.857049546023617,0.0011383708291777326,0.001076087566431344,0.9989184873060065
0.95,0.8,B1,0.9926217238764453,0.012177919883157074,0.020381990699408735,0.9795214044111129
0.95,0.8,B2,0.9436382743865751,0.0018953105748978354,0.01927271111852627,0.9807110530518651
0.95,0.8,B3,0.9429906376826229,0.012177919883157074,0.0,1.0
0.95,0.8,SR-DMAF,0.8651898725674304,0.0011383708291777326,0.001076087566431344,0.9989184873060065
0.95,0.9,B1,0.9926217238764453,0.012177919883157074,0.020381990699408735,0.9795214044111129
0.95,0.9,B2,0.9436382743865751,0.0018953105748978354,0.01927271111852627,0.9807110530518651
0.95,0.9,B3,0.9429906376826229,0.012177919883157074,0.0,1.0
0.95,0.9,SR-DMAF,0.8692600358393371,0.0011383708291777326,0.001076087566431344,0.9989184873060065
1.0,0.6,B1,0.9926217238764453,0.012177919883157074,0.020381990699408735,0.9795214044111129
1.0,0.6,B2,0.9436382743865751,0.0018953105748978354,0.01927271111852627,0.9807110530518651
1.0,0.6,B3,0.9926217238764453,0.012177919883157074,0.0,1.0
1.0,0.6,SR-DMAF,0.8654869375064406,0.0011383708291777326,0.001076087566431344,0.9989184873060065
1.0,0.8,B1,0.9926217238764453,0.012177919883157074,0.020381990699408735,0.9795214044111129
1.0,0.8,B2,0.9436382743865751,0.0018953105748978354,0.01927271111852627,0.9807110530518651
1.0,0.8,B3,0.9926217238764453,0.012177919883157074,0.0,1.0
1.0,0.8,SR-DMAF,0.8736272640502539,0.0011383708291777326,0.001076087566431344,0.9989184873060065
1.0,0.9,B1,0.9926217238764453,0.012177919883157074,0.020381990699408735,0.9795214044111129
1.0,0.9,B2,0.9436382743865751,0.0018953105748978354,0.01927271111852627,0.9807110530518651
1.0,0.9,B3,0.9926217238764453,0.012177919883157074,0.0,1.0
1.0,0.9,SR-DMAF,0.8776974273221608,0.0011383708291777326,0.001076087566431344,0.9989184873060065
