seed,scenario,eff_G,policy,containment,deferred_mal,false_action,FIR,hard_iso,CFR,P_cascade,CFR_per_iso,SAR
0,uniform host,0.8,B1 naive detect-isolate,0.9923664122137404,0.0,0.010289389067524116,0.009378663540445486,0.523634131368938,0.02360291746002018,0.09821976672805402,0.04507520813877242,0.9763204350525261
0,uniform host,0.8,B2 uncertainty triage,0.9371697005284791,0.0551967116852613,0.0019292604501607716,0.001876172607879925,0.49079189686924496,0.022213898513177472,0.09085328422344997,0.04526133918444791,0.9777708413535738
0,uniform host,0.8,B3 graduated only,0.7938931297709925,0.0,0.010289389067524116,0.009378663540445486,0.0,0.0,0.0,0.0,1.0
0,uniform host,0.8,SR-DMAF (full),0.8544920728126836,0.09571344685848503,0.0012861736334405145,0.0013080444735120995,0.3588090853284224,0.0014202328557605271,0.05586249232658073,0.003958185324266721,0.998574651531389
0,uniform host,0.8,SR-DMAF w/o P1,0.8633000587199061,0.08631826189078097,0.0019292604501607716,0.0019404915912031048,0.3624923265807244,0.001425435173913496,0.056169429097605895,0.0039323182020407875,0.9985644203056883
0,uniform host,0.8,SR-DMAF w/o P2,0.881620669406929,0.06752789195537287,0.0038585209003215433,0.003795066413662239,0.3707796193984039,0.0014982676280550615,0.05862492326580725,0.004040857559771018,0.9984966167590945
0,uniform host,0.8,SR-DMAF w/o P3,0.8844392248972404,0.06928948913681739,0.0012861736334405145,0.0012706480304955528,0.38182934315531003,0.0014774583554431856,0.05831798649478207,0.0038694206768761243,0.9985174260317063
0,uniform host,0.8,SR-DMAF w/o P4,0.8897240164415736,0.09571344685848503,0.0012861736334405145,0.0013080444735120995,0.45119705340699817,0.01996649707109488,0.08440761203192143,0.04425227718205925,0.9800232717032042
0,uniform host,0.8,SR-DMAF no-graduated,0.6858485026423957,0.30651790957134467,0.0006430868167202572,0.000855431993156544,0.3588090853284224,0.0014202328557605271,0.05586249232658073,0.003958185324266721,0.998574651531389
0,uniform host,0.9,B1 naive detect-isolate,0.9923664122137404,0.0,0.010289389067524116,0.009378663540445486,0.523634131368938,0.02360291746002018,0.09821976672805402,0.04507520813877242,0.9763204350525261
0,uniform host,0.9,B2 uncertainty triage,0.9371697005284791,0.0551967116852613,0.0019292604501607716,0.001876172607879925,0.49079189686924496,0.022213898513177472,0.09085328422344997,0.04526133918444791,0.9777708413535738
0,uniform host,0.9,B3 graduated only,0.8931297709923667,0.0,0.010289389067524116,0.009378663540445486,0.0,0.0,0.0,0.0,1.0
0,uniform host,0.9,SR-DMAF (full),0.8721080446271288,0.09571344685848503,0.0012861736334405145,0.0013080444735120995,0.3588090853284224,0.0014202328557605271,0.05586249232658073,0.003958185324266721,0.998574651531389
0,uniform host,0.9,SR-DMAF w/o P1,0.8810334703464475,0.08631826189078097,0.0019292604501607716,0.0019404915912031048,0.3624923265807244,0.001425435173913496,0.056169429097605895,0.0039323182020407875,0.9985644203056883
0,uniform host,0.9,SR-DMAF w/o P2,0.8998238402818556,0.06752789195537287,0.0038585209003215433,0.003795066413662239,0.3707796193984039,0.0014982676280550615,0.05862492326580725,0.004040857559771018,0.9984966167590945
0,uniform host,0.9,SR-DMAF w/o P3,0.9035231943628892,0.06928948913681739,0.0012861736334405145,0.0012706480304955528,0.38182934315531003,0.0014774583554431856,0.05831798649478207,0.0038694206768761243,0.9985174260317063
0,uniform host,0.9,SR-DMAF w/o P4,0.8897240164415736,0.09571344685848503,0.0012861736334405145,0.0013080444735120995,0.45119705340699817,0.01996649707109488,0.08440761203192143,0.04425227718205925,0.9800232717032042
0,uniform host,0.9,SR-DMAF no-graduated,0.6858485026423957,0.30651790957134467,0.0006430868167202572,0.000855431993156544,0.3588090853284224,0.0014202328557605271,0.05586249232658073,0.003958185324266721,0.998574651531389
0,uniform host,0.95,B1 naive detect-isolate,0.9923664122137404,0.0,0.010289389067524116,0.009378663540445486,0.523634131368938,0.02360291746002018,0.09821976672805402,0.04507520813877242,0.9763204350525261
0,uniform host,0.95,B2 uncertainty triage,0.9371697005284791,0.0551967116852613,0.0019292604501607716,0.001876172607879925,0.49079189686924496,0.022213898513177472,0.09085328422344997,0.04526133918444791,0.9777708413535738
0,uniform host,0.95,B3 graduated only,0.9427480916030533,0.0,0.010289389067524116,0.009378663540445486,0.0,0.0,0.0,0.0,1.0
0,uniform host,0.95,SR-DMAF (full),0.8809160305343512,0.09571344685848503,0.0012861736334405145,0.0013080444735120995,0.3588090853284224,0.0014202328557605271,0.05586249232658073,0.003958185324266721,0.998574651531389
0,uniform host,0.95,SR-DMAF w/o P1,0.8899001761597182,0.08631826189078097,0.0019292604501607716,0.0019404915912031048,0.3624923265807244,0.001425435173913496,0.056169429097605895,0.0039323182020407875,0.9985644203056883
0,uniform host,0.95,SR-DMAF w/o P2,0.9089254257193189,0.06752789195537287,0.0038585209003215433,0.003795066413662239,0.3707796193984039,0.0014982676280550615,0.05862492326580725,0.004040857559771018,0.9984966167590945
0,uniform host,0.95,SR-DMAF w/o P3,0.9130651790957135,0.06928948913681739,0.0012861736334405145,0.0012706480304955528,0.38182934315531003,0.0014774583554431856,0.05831798649478207,0.0038694206768761243,0.9985174260317063
0,uniform host,0.95,SR-DMAF w/o P4,0.8897240164415736,0.09571344685848503,0.0012861736334405145,0.0013080444735120995,0.45119705340699817,0.01996649707109488,0.08440761203192143,0.04425227718205925,0.9800232717032042
0,uniform host,0.95,SR-DMAF no-graduated,0.6858485026423957,0.30651790957134467,0.0006430868167202572,0.000855431993156544,0.3588090853284224,0.0014202328557605271,0.05586249232658073,0.003958185324266721,0.998574651531389
0,uniform host,1.0,B1 naive detect-isolate,0.9923664122137404,0.0,0.010289389067524116,0.009378663540445486,0.523634131368938,0.02360291746002018,0.09821976672805402,0.04507520813877242,0.9763204350525261
0,uniform host,1.0,B2 uncertainty triage,0.9371697005284791,0.0551967116852613,0.0019292604501607716,0.001876172607879925,0.49079189686924496,0.022213898513177472,0.09085328422344997,0.04526133918444791,0.9777708413535738
0,uniform host,1.0,B3 graduated only,0.9923664122137404,0.0,0.010289389067524116,0.009378663540445486,0.0,0.0,0.0,0.0,1.0
0,uniform host,1.0,SR-DMAF (full),0.8897240164415736,0.09571344685848503,0.0012861736334405145,0.0013080444735120995,0.3588090853284224,0.0014202328557605271,0.05586249232658073,0.003958185324266721,0.998574651531389
0,uniform host,1.0,SR-DMAF w/o P1,0.8987668819729889,0.08631826189078097,0.0019292604501607716,0.0019404915912031048,0.3624923265807244,0.001425435173913496,0.056169429097605895,0.0039323182020407875,0.9985644203056883
0,uniform host,1.0,SR-DMAF w/o P2,0.9180270111567822,0.06752789195537287,0.0038585209003215433,0.003795066413662239,0.3707796193984039,0.0014982676280550615,0.05862492326580725,0.004040857559771018,0.9984966167590945
0,uniform host,1.0,SR-DMAF w/o P3,0.9226071638285379,0.06928948913681739,0.0012861736334405145,0.0012706480304955528,0.38182934315531003,0.0014774583554431856,0.05831798649478207,0.0038694206768761243,0.9985174260317063
0,uniform host,1.0,SR-DMAF w/o P4,0.8897240164415736,0.09571344685848503,0.0012861736334405145,0.0013080444735120995,0.45119705340699817,0.01996649707109488,0.08440761203192143,0.04425227718205925,0.9800232717032042
0,uniform host,1.0,SR-DMAF no-graduated,0.6858485026423957,0.30651790957134467,0.0006430868167202572,0.000855431993156544,0.3588090853284224,0.0014202328557605271,0.05586249232658073,0.003958185324266721,0.998574651531389
0,Tier-1 host,0.8,B1 naive detect-isolate,0.9923664122137404,0.0,0.010289389067524116,0.009378663540445486,0.523634131368938,0.09449490693052823,0.16513198281154082,0.18045979295408032,0.9054337346054735
0,Tier-1 host,0.8,B2 uncertainty triage,0.9371697005284791,0.0551967116852613,0.0019292604501607716,0.001876172607879925,0.49079189686924496,0.08901166359729895,0.1543891958256599,0.1813633520950594,0.9109729895641497
0,Tier-1 host,0.8,B3 graduated only,0.7938931297709925,0.0,0.010289389067524116,0.009378663540445486,0.0,0.0,0.0,0.0,1.0
0,Tier-1 host,0.8,SR-DMAF (full),0.7173223722842043,0.09571344685848503,0.0012861736334405145,0.0013080444735120995,0.0,0.0,0.0,0.0,1.0
0,Tier-1 host,0.8,SR-DMAF w/o P1,0.7248385202583676,0.08631826189078097,0.0019292604501607716,0.0019404915912031048,0.0,0.0,0.0,0.0,1.0
0,Tier-1 host,0.8,SR-DMAF w/o P2,0.739870816206694,0.06752789195537287,0.0038585209003215433,0.003795066413662239,0.0,0.0,0.0,0.0,1.0
0,Tier-1 host,0.8,SR-DMAF w/o P3,0.7384615384615384,0.06928948913681739,0.0012861736334405145,0.0012706480304955528,0.0,0.0,0.0,0.0,1.0
0,Tier-1 host,0.8,SR-DMAF w/o P4,0.8897240164415736,0.09571344685848503,0.0012861736334405145,0.0013080444735120995,0.45119705340699817,0.08275847717743028,0.143646408839779,0.18341980860140664,0.9172312915968689
0,Tier-1 host,0.8,SR-DMAF no-graduated,0.0,0.9923664122137404,0.0,0.0,0.0,0.0,0.0,0.0,1.0
0,Tier-1 host,0.9,B1 naive detect-isolate,0.9923664122137404,0.0,0.010289389067524116,0.009378663540445486,0.523634131368938,0.09449490693052823,0.16513198281154082,0.18045979295408032,0.9054337346054735
0,Tier-1 host,0.9,B2 uncertainty triage,0.9371697005284791,0.0551967116852613,0.0019292604501607716,0.001876172607879925,0.49079189686924496,0.08901166359729895,0.1543891958256599,0.1813633520950594,0.9109729895641497
0,Tier-1 host,0.9,B3 graduated only,0.8931297709923667,0.0,0.010289389067524116,0.009378663540445486,0.0,0.0,0.0,0.0,1.0
0,Tier-1 host,0.9,SR-DMAF (full),0.8035231943628893,0.09571344685848503,0.0012861736334405145,0.0013080444735120995,0.0,0.0,0.0,0.0,1.0
0,Tier-1 host,0.9,SR-DMAF w/o P1,0.8118027011156784,0.08631826189078097,0.0019292604501607716,0.0019404915912031048,0.0,0.0,0.0,0.0,1.0
0,Tier-1 host,0.9,SR-DMAF w/o P2,0.8289489136817383,0.06752789195537287,0.0038585209003215433,0.003795066413662239,0.0,0.0,0.0,0.0,1.0
0,Tier-1 host,0.9,SR-DMAF w/o P3,0.8305343511450385,0.06928948913681739,0.0012861736334405145,0.0012706480304955528,0.0,0.0,0.0,0.0,1.0
0,Tier-1 host,0.9,SR-DMAF w/o P4,0.8897240164415736,0.09571344685848503,0.0012861736334405145,0.0013080444735120995,0.45119705340699817,0.08275847717743028,0.143646408839779,0.18341980860140664,0.9172312915968689
0,Tier-1 host,0.9,SR-DMAF no-graduated,0.0,0.9923664122137404,0.0,0.0,0.0,0.0,0.0,0.0,1.0
0,Tier-1 host,0.95,B1 naive detect-isolate,0.9923664122137404,0.0,0.010289389067524116,0.009378663540445486,0.523634131368938,0.09449490693052823,0.16513198281154082,0.18045979295408032,0.9054337346054735
0,Tier-1 host,0.95,B2 uncertainty triage,0.9371697005284791,0.0551967116852613,0.0019292604501607716,0.001876172607879925,0.49079189686924496,0.08901166359729895,0.1543891958256599,0.1813633520950594,0.9109729895641497
0,Tier-1 host,0.95,B3 graduated only,0.9427480916030533,0.0,0.010289389067524116,0.009378663540445486,0.0,0.0,0.0,0.0,1.0
0,Tier-1 host,0.95,SR-DMAF (full),0.8466236054022312,0.09571344685848503,0.0012861736334405145,0.0013080444735120995,0.0,0.0,0.0,0.0,1.0
0,Tier-1 host,0.95,SR-DMAF w/o P1,0.8552847915443335,0.08631826189078097,0.0019292604501607716,0.0019404915912031048,0.0,0.0,0.0,0.0,1.0
0,Tier-1 host,0.95,SR-DMAF w/o P2,0.87348796241926,0.06752789195537287,0.0038585209003215433,0.003795066413662239,0.0,0.0,0.0,0.0,1.0
0,Tier-1 host,0.95,SR-DMAF w/o P3,0.876570757486788,0.06928948913681739,0.0012861736334405145,0.0012706480304955528,0.0,0.0,0.0,0.0,1.0
0,Tier-1 host,0.95,SR-DMAF w/o P4,0.8897240164415736,0.09571344685848503,0.0012861736334405145,0.0013080444735120995,0.45119705340699817,0.08275847717743028,0.143646408839779,0.18341980860140664,0.9172312915968689
0,Tier-1 host,0.95,SR-DMAF no-graduated,0.0,0.9923664122137404,0.0,0.0,0.0,0.0,0.0,0.0,1.0
0,Tier-1 host,1.0,B1 naive detect-isolate,0.9923664122137404,0.0,0.010289389067524116,0.009378663540445486,0.523634131368938,0.09449490693052823,0.16513198281154082,0.18045979295408032,0.9054337346054735
0,Tier-1 host,1.0,B2 uncertainty triage,0.9371697005284791,0.0551967116852613,0.0019292604501607716,0.001876172607879925,0.49079189686924496,0.08901166359729895,0.1543891958256599,0.1813633520950594,0.9109729895641497
0,Tier-1 host,1.0,B3 graduated only,0.9923664122137404,0.0,0.010289389067524116,0.009378663540445486,0.0,0.0,0.0,0.0,1.0
0,Tier-1 host,1.0,SR-DMAF (full),0.8897240164415736,0.09571344685848503,0.0012861736334405145,0.0013080444735120995,0.0,0.0,0.0,0.0,1.0
0,Tier-1 host,1.0,SR-DMAF w/o P1,0.8987668819729889,0.08631826189078097,0.0019292604501607716,0.0019404915912031048,0.0,0.0,0.0,0.0,1.0
0,Tier-1 host,1.0,SR-DMAF w/o P2,0.9180270111567822,0.06752789195537287,0.0038585209003215433,0.003795066413662239,0.0,0.0,0.0,0.0,1.0
0,Tier-1 host,1.0,SR-DMAF w/o P3,0.9226071638285379,0.06928948913681739,0.0012861736334405145,0.0012706480304955528,0.0,0.0,0.0,0.0,1.0
0,Tier-1 host,1.0,SR-DMAF w/o P4,0.8897240164415736,0.09571344685848503,0.0012861736334405145,0.0013080444735120995,0.45119705340699817,0.08275847717743028,0.143646408839779,0.18341980860140664,0.9172312915968689
0,Tier-1 host,1.0,SR-DMAF no-graduated,0.0,0.9923664122137404,0.0,0.0,0.0,0.0,0.0,0.0,1.0
1,uniform host,0.8,B1 naive detect-isolate,0.9945167923235092,0.0,0.015113350125944584,0.016271186440677966,0.4840827042993108,0.020959765927030197,0.08139153265507056,0.04329790290146509,0.9789260159571608
1,uniform host,0.8,B2 uncertainty triage,0.9444825222755312,0.050034270047978065,0.003778337531486146,0.004335260115606936,0.4542172628815228,0.019852814382582476,0.07646865769609452,0.04370774958361908,0.9801143664510243
1,uniform host,0.8,B3 graduated only,0.7956134338588072,0.0,0.015113350125944584,0.016271186440677966,0.0,0.0,0.0,0.0,1.0
1,uniform host,0.8,SR-DMAF (full),0.8371487320082249,0.11446196024674435,0.001889168765743073,0.002331002331002331,0.31933048900557925,0.0009957001329454367,0.039711191335740074,0.003118086644485864,0.9989933601449235
1,uniform host,0.8,SR-DMAF w/o P1,0.8422206991089789,0.10897875257025359,0.0025188916876574307,0.0030864197530864196,0.3212996389891697,0.0010012627035205508,0.04003938299967181,0.003116289537923512,0.9989823277132829
1,uniform host,0.8,SR-DMAF w/o P2,0.8719671007539411,0.07813570938999315,0.0069269521410579345,0.008160237388724036,0.33508368887430257,0.0010513258386965782,0.041352149655398754,0.0031375022825744117,0.9989053788203272
1,uniform host,0.8,SR-DMAF w/o P3,0.8940370116518164,0.05894448252227553,0.0025188916876574307,0.0029218407596785976,0.3498523137512307,0.0011236392561730626,0.04496225795864785,0.0032117531084046172,0.9988544812995648
1,uniform host,0.8,SR-DMAF w/o P4,0.8732008224811515,0.11446196024674435,0.001889168765743073,0.002331002331002331,0.4056448966196259,0.0173496576237811,0.06662290777814243,0.04277055564697493,0.9826394026540879
1,uniform host,0.8,SR-DMAF no-graduated,0.6655243317340644,0.3289924605894448,0.0012594458438287153,0.0020554984583761563,0.31933048900557925,0.0009957001329454367,0.039711191335740074,0.003118086644485864,0.9989933601449235
1,uniform host,0.9,B1 naive detect-isolate,0.9945167923235092,0.0,0.015113350125944584,0.016271186440677966,0.4840827042993108,0.020959765927030197,0.08139153265507056,0.04329790290146509,0.9789260159571608
1,uniform host,0.9,B2 uncertainty triage,0.9444825222755312,0.050034270047978065,0.003778337531486146,0.004335260115606936,0.4542172628815228,0.019852814382582476,0.07646865769609452,0.04370774958361908,0.9801143664510243
1,uniform host,0.9,B3 graduated only,0.8950651130911585,0.0,0.015113350125944584,0.016271186440677966,0.0,0.0,0.0,0.0,1.0
1,uniform host,0.9,SR-DMAF (full),0.8551747772446882,0.11446196024674435,0.001889168765743073,0.002331002331002331,0.31933048900557925,0.0009957001329454367,0.039711191335740074,0.003118086644485864,0.9989933601449235
1,uniform host,0.9,SR-DMAF w/o P1,0.8603838245373545,0.10897875257025359,0.0025188916876574307,0.0030864197530864196,0.3212996389891697,0.0010012627035205508,0.04003938299967181,0.003116289537923512,0.9989823277132829
1,uniform host,0.9,SR-DMAF w/o P2,0.8904043865661412,0.07813570938999315,0.0069269521410579345,0.008160237388724036,0.33508368887430257,0.0010513258386965782,0.041352149655398754,0.0031375022825744117,0.9989053788203272
1,uniform host,0.9,SR-DMAF w/o P3,0.9146675805346127,0.05894448252227553,0.0025188916876574307,0.0029218407596785976,0.3498523137512307,0.0011236392561730626,0.04496225795864785,0.0032117531084046172,0.9988544812995648
1,uniform host,0.9,SR-DMAF w/o P4,0.8732008224811515,0.11446196024674435,0.001889168765743073,0.002331002331002331,0.4056448966196259,0.0173496576237811,0.06662290777814243,0.04277055564697493,0.9826394026540879
1,uniform host,0.9,SR-DMAF no-graduated,0.6655243317340644,0.3289924605894448,0.0012594458438287153,0.0020554984583761563,0.31933048900557925,0.0009957001329454367,0.039711191335740074,0.003118086644485864,0.9989933601449235
1,uniform host,0.95,B1 naive detect-isolate,0.9945167923235092,0.0,0.015113350125944584,0.016271186440677966,0.4840827042993108,0.020959765927030197,0.08139153265507056,0.04329790290146509,0.9789260159571608
1,uniform host,0.95,B2 uncertainty triage,0.9444825222755312,0.050034270047978065,0.003778337531486146,0.004335260115606936,0.4542172628815228,0.019852814382582476,0.07646865769609452,0.04370774958361908,0.9801143664510243
1,uniform host,0.95,B3 graduated only,0.9447909527073337,0.0,0.015113350125944584,0.016271186440677966,0.0,0.0,0.0,0.0,1.0
1,uniform host,0.95,SR-DMAF (full),0.8641877998629197,0.11446196024674435,0.001889168765743073,0.002331002331002331,0.31933048900557925,0.0009957001329454367,0.039711191335740074,0.003118086644485864,0.9989933601449235
1,uniform host,0.95,SR-DMAF w/o P1,0.8694653872515421,0.10897875257025359,0.0025188916876574307,0.0030864197530864196,0.3212996389891697,0.0010012627035205508,0.04003938299967181,0.003116289537923512,0.9989823277132829
1,uniform host,0.95,SR-DMAF w/o P2,0.8996230294722414,0.07813570938999315,0.0069269521410579345,0.008160237388724036,0.33508368887430257,0.0010513258386965782,0.041352149655398754,0.0031375022825744117,0.9989053788203272
1,uniform host,0.95,SR-DMAF w/o P3,0.9249828649760109,0.05894448252227553,0.0025188916876574307,0.0029218407596785976,0.3498523137512307,0.0011236392561730626,0.04496225795864785,0.0032117531084046172,0.9988544812995648
1,uniform host,0.95,SR-DMAF w/o P4,0.8732008224811515,0.11446196024674435,0.001889168765743073,0.002331002331002331,0.4056448966196259,0.0173496576237811,0.06662290777814243,0.04277055564697493,0.9826394026540879
1,uniform host,0.95,SR-DMAF no-graduated,0.6655243317340644,0.3289924605894448,0.0012594458438287153,0.0020554984583761563,0.31933048900557925,0.0009957001329454367,0.039711191335740074,0.003118086644485864,0.9989933601449235
1,uniform host,1.0,B1 naive detect-isolate,0.9945167923235092,0.0,0.015113350125944584,0.016271186440677966,0.4840827042993108,0.020959765927030197,0.08139153265507056,0.04329790290146509,0.9789260159571608
1,uniform host,1.0,B2 uncertainty triage,0.9444825222755312,0.050034270047978065,0.003778337531486146,0.004335260115606936,0.4542172628815228,0.019852814382582476,0.07646865769609452,0.04370774958361908,0.9801143664510243
1,uniform host,1.0,B3 graduated only,0.9945167923235092,0.0,0.015113350125944584,0.016271186440677966,0.0,0.0,0.0,0.0,1.0
1,uniform host,1.0,SR-DMAF (full),0.8732008224811515,0.11446196024674435,0.001889168765743073,0.002331002331002331,0.31933048900557925,0.0009957001329454367,0.039711191335740074,0.003118086644485864,0.9989933601449235
1,uniform host,1.0,SR-DMAF w/o P1,0.8785469499657299,0.10897875257025359,0.0025188916876574307,0.0030864197530864196,0.3212996389891697,0.0010012627035205508,0.04003938299967181,0.003116289537923512,0.9989823277132829
1,uniform host,1.0,SR-DMAF w/o P2,0.9088416723783413,0.07813570938999315,0.0069269521410579345,0.008160237388724036,0.33508368887430257,0.0010513258386965782,0.041352149655398754,0.0031375022825744117,0.9989053788203272
1,uniform host,1.0,SR-DMAF w/o P3,0.9352981494174091,0.05894448252227553,0.0025188916876574307,0.0029218407596785976,0.3498523137512307,0.0011236392561730626,0.04496225795864785,0.0032117531084046172,0.9988544812995648
1,uniform host,1.0,SR-DMAF w/o P4,0.8732008224811515,0.11446196024674435,0.001889168765743073,0.002331002331002331,0.4056448966196259,0.0173496576237811,0.06662290777814243,0.04277055564697493,0.9826394026540879
1,uniform host,1.0,SR-DMAF no-graduated,0.6655243317340644,0.3289924605894448,0.0012594458438287153,0.0020554984583761563,0.31933048900557925,0.0009957001329454367,0.039711191335740074,0.003118086644485864,0.9989933601449235
1,Tier-1 host,0.8,B1 naive detect-isolate,0.9945167923235092,0.0,0.015113350125944584,0.016271186440677966,0.4840827042993108,0.08678166354235621,0.15589104036757467,0.17927032461936224,0.9130985557712596
1,Tier-1 host,0.8,B2 uncertainty triage,0.9444825222755312,0.050034270047978065,0.003778337531486146,0.004335260115606936,0.4542172628815228,0.08150834663714794,0.14604529044962258,0.1794479278926227,0.918459019615478
1,Tier-1 host,0.8,B3 graduated only,0.7956134338588072,0.0,0.015113350125944584,0.016271186440677966,0.0,0.0,0.0,0.0,1.0
1,Tier-1 host,0.8,SR-DMAF (full),0.7040438656614117,0.11446196024674435,0.001889168765743073,0.002331002331002331,0.0,0.0,0.0,0.0,1.0
1,Tier-1 host,0.8,SR-DMAF w/o P1,0.7084304318026045,0.10897875257025359,0.0025188916876574307,0.0030864197530864196,0.0,0.0,0.0,0.0,1.0
1,Tier-1 host,0.8,SR-DMAF w/o P2,0.7331048663468128,0.07813570938999315,0.0069269521410579345,0.008160237388724036,0.0,0.0,0.0,0.0,1.0
1,Tier-1 host,0.8,SR-DMAF w/o P3,0.748457847840987,0.05894448252227553,0.0025188916876574307,0.0029218407596785976,0.0,0.0,0.0,0.0,1.0
1,Tier-1 host,0.8,SR-DMAF w/o P4,0.8732008224811515,0.11446196024674435,0.001889168765743073,0.002331002331002331,0.4056448966196259,0.07215766550038102,0.12865113226124056,0.17788382425538918,0.9278315801965071
1,Tier-1 host,0.8,SR-DMAF no-graduated,0.0,0.9945167923235092,0.0,0.0,0.0,0.0,0.0,0.0,1.0
1,Tier-1 host,0.9,B1 naive detect-isolate,0.9945167923235092,0.0,0.015113350125944584,0.016271186440677966,0.4840827042993108,0.08678166354235621,0.15589104036757467,0.17927032461936224,0.9130985557712596
1,Tier-1 host,0.9,B2 uncertainty triage,0.9444825222755312,0.050034270047978065,0.003778337531486146,0.004335260115606936,0.4542172628815228,0.08150834663714794,0.14604529044962258,0.1794479278926227,0.918459019615478
1,Tier-1 host,0.9,B3 graduated only,0.8950651130911585,0.0,0.015113350125944584,0.016271186440677966,0.0,0.0,0.0,0.0,1.0
1,Tier-1 host,0.9,SR-DMAF (full),0.788622344071282,0.11446196024674435,0.001889168765743073,0.002331002331002331,0.0,0.0,0.0,0.0,1.0
1,Tier-1 host,0.9,SR-DMAF w/o P1,0.7934886908841674,0.10897875257025359,0.0025188916876574307,0.0030864197530864196,0.0,0.0,0.0,0.0,1.0
1,Tier-1 host,0.9,SR-DMAF w/o P2,0.8209732693625774,0.07813570938999315,0.0069269521410579345,0.008160237388724036,0.0,0.0,0.0,0.0,1.0
1,Tier-1 host,0.9,SR-DMAF w/o P3,0.8418779986291982,0.05894448252227553,0.0025188916876574307,0.0029218407596785976,0.0,0.0,0.0,0.0,1.0
1,Tier-1 host,0.9,SR-DMAF w/o P4,0.8732008224811515,0.11446196024674435,0.001889168765743073,0.002331002331002331,0.4056448966196259,0.07215766550038102,0.12865113226124056,0.17788382425538918,0.9278315801965071
1,Tier-1 host,0.9,SR-DMAF no-graduated,0.0,0.9945167923235092,0.0,0.0,0.0,0.0,0.0,0.0,1.0
1,Tier-1 host,0.95,B1 naive detect-isolate,0.9945167923235092,0.0,0.015113350125944584,0.016271186440677966,0.4840827042993108,0.08678166354235621,0.15589104036757467,0.17927032461936224,0.9130985557712596
1,Tier-1 host,0.95,B2 uncertainty triage,0.9444825222755312,0.050034270047978065,0.003778337531486146,0.004335260115606936,0.4542172628815228,0.08150834663714794,0.14604529044962258,0.1794479278926227,0.918459019615478
1,Tier-1 host,0.95,B3 graduated only,0.9447909527073337,0.0,0.015113350125944584,0.016271186440677966,0.0,0.0,0.0,0.0,1.0
1,Tier-1 host,0.95,SR-DMAF (full),0.8309115832762165,0.11446196024674435,0.001889168765743073,0.002331002331002331,0.0,0.0,0.0,0.0,1.0
1,Tier-1 host,0.95,SR-DMAF w/o P1,0.8360178204249485,0.10897875257025359,0.0025188916876574307,0.0030864197530864196,0.0,0.0,0.0,0.0,1.0
1,Tier-1 host,0.95,SR-DMAF w/o P2,0.8649074708704593,0.07813570938999315,0.0069269521410579345,0.008160237388724036,0.0,0.0,0.0,0.0,1.0
1,Tier-1 host,0.95,SR-DMAF w/o P3,0.8885880740233036,0.05894448252227553,0.0025188916876574307,0.0029218407596785976,0.0,0.0,0.0,0.0,1.0
1,Tier-1 host,0.95,SR-DMAF w/o P4,0.8732008224811515,0.11446196024674435,0.001889168765743073,0.002331002331002331,0.4056448966196259,0.07215766550038102,0.12865113226124056,0.17788382425538918,0.9278315801965071
1,Tier-1 host,0.95,SR-DMAF no-graduated,0.0,0.9945167923235092,0.0,0.0,0.0,0.0,0.0,0.0,1.0
1,Tier-1 host,1.0,B1 naive detect-isolate,0.9945167923235092,0.0,0.015113350125944584,0.016271186440677966,0.4840827042993108,0.08678166354235621,0.15589104036757467,0.17927032461936224,0.9130985557712596
1,Tier-1 host,1.0,B2 uncertainty triage,0.9444825222755312,0.050034270047978065,0.003778337531486146,0.004335260115606936,0.4542172628815228,0.08150834663714794,0.14604529044962258,0.1794479278926227,0.918459019615478
1,Tier-1 host,1.0,B3 graduated only,0.9945167923235092,0.0,0.015113350125944584,0.016271186440677966,0.0,0.0,0.0,0.0,1.0
1,Tier-1 host,1.0,SR-DMAF (full),0.8732008224811515,0.11446196024674435,0.001889168765743073,0.002331002331002331,0.0,0.0,0.0,0.0,1.0
1,Tier-1 host,1.0,SR-DMAF w/o P1,0.8785469499657299,0.10897875257025359,0.0025188916876574307,0.0030864197530864196,0.0,0.0,0.0,0.0,1.0
1,Tier-1 host,1.0,SR-DMAF w/o P2,0.9088416723783413,0.07813570938999315,0.0069269521410579345,0.008160237388724036,0.0,0.0,0.0,0.0,1.0
1,Tier-1 host,1.0,SR-DMAF w/o P3,0.9352981494174091,0.05894448252227553,0.0025188916876574307,0.0029218407596785976,0.0,0.0,0.0,0.0,1.0
1,Tier-1 host,1.0,SR-DMAF w/o P4,0.8732008224811515,0.11446196024674435,0.001889168765743073,0.002331002331002331,0.4056448966196259,0.07215766550038102,0.12865113226124056,0.17788382425538918,0.9278315801965071
1,Tier-1 host,1.0,SR-DMAF no-graduated,0.0,0.9945167923235092,0.0,0.0,0.0,0.0,0.0,0.0,1.0
2,uniform host,0.8,B1 naive detect-isolate,0.9896296296296296,0.0,0.012277470841006752,0.014749262536873156,0.4551863041289023,0.01827481636995693,0.07888553205773749,0.04014799260036998,0.9816303578913032
2,uniform host,0.8,B2 uncertainty triage,0.942962962962963,0.04666666666666667,0.001841620626151013,0.0023510971786833857,0.42833165491775765,0.01683536165588498,0.07317891910036925,0.03930450029222677,0.9831479490140967
2,uniform host,0.8,B3 graduated only,0.7917037037037037,0.0,0.012277470841006752,0.014749262536873156,0.0,0.0,0.0,0.0,1.0
2,uniform host,0.8,SR-DMAF (full),0.8407407407407408,0.10592592592592592,0.0012277470841006752,0.0016736401673640166,0.3034575360859349,0.0008989480032544193,0.04196038939241356,0.0029623518824058795,0.9990955521038987
2,uniform host,0.8,SR-DMAF w/o P1,0.855851851851852,0.09037037037037036,0.0012277470841006752,0.001644736842105263,0.30949983215844246,0.0009160166362276045,0.042631755622692176,0.002959667634839516,0.9990784834709254
2,uniform host,0.8,SR-DMAF w/o P2,0.873037037037037,0.07185185185185185,0.004297114794352364,0.0056179775280898875,0.3158778113460893,0.0009615329908227652,0.04464585431352803,0.003044002953943695,0.9990161829605734
2,uniform host,0.8,SR-DMAF w/o P3,0.8887407407407405,0.06296296296296296,0.0012277470841006752,0.0015961691939345571,0.3346760657938906,0.0010298075227155056,0.0473313192346425,0.0030770276932492392,0.9989590978658519
2,uniform host,0.8,SR-DMAF w/o P4,0.8745185185185186,0.10592592592592592,0.0012277470841006752,0.0016736401673640166,0.3799932863376972,0.015651936436410805,0.06445115810674723,0.04119003413786908,0.9843425636707422
2,uniform host,0.8,SR-DMAF no-graduated,0.6688888888888889,0.3207407407407407,0.0006138735420503376,0.0011061946902654867,0.3034575360859349,0.0008989480032544193,0.04196038939241356,0.0029623518824058795,0.9990955521038987
2,uniform host,0.9,B1 naive detect-isolate,0.9896296296296296,0.0,0.012277470841006752,0.014749262536873156,0.4551863041289023,0.01827481636995693,0.07888553205773749,0.04014799260036998,0.9816303578913032
2,uniform host,0.9,B2 uncertainty triage,0.942962962962963,0.04666666666666667,0.001841620626151013,0.0023510971786833857,0.42833165491775765,0.01683536165588498,0.07317891910036925,0.03930450029222677,0.9831479490140967
2,uniform host,0.9,B3 graduated only,0.8906666666666669,0.0,0.012277470841006752,0.014749262536873156,0.0,0.0,0.0,0.0,1.0
2,uniform host,0.9,SR-DMAF (full),0.8576296296296297,0.10592592592592592,0.0012277470841006752,0.0016736401673640166,0.3034575360859349,0.0008989480032544193,0.04196038939241356,0.0029623518824058795,0.9990955521038987
2,uniform host,0.9,SR-DMAF w/o P1,0.8728888888888889,0.09037037037037036,0.0012277470841006752,0.001644736842105263,0.30949983215844246,0.0009160166362276045,0.042631755622692176,0.002959667634839516,0.9990784834709254
2,uniform host,0.9,SR-DMAF w/o P2,0.8907407407407407,0.07185185185185185,0.004297114794352364,0.0056179775280898875,0.3158778113460893,0.0009615329908227652,0.04464585431352803,0.003044002953943695,0.9990161829605734
2,uniform host,0.9,SR-DMAF w/o P3,0.9075555555555558,0.06296296296296296,0.0012277470841006752,0.0015961691939345571,0.3346760657938906,0.0010298075227155056,0.0473313192346425,0.0030770276932492392,0.9989590978658519
2,uniform host,0.9,SR-DMAF w/o P4,0.8745185185185186,0.10592592592592592,0.0012277470841006752,0.0016736401673640166,0.3799932863376972,0.015651936436410805,0.06445115810674723,0.04119003413786908,0.9843425636707422
2,uniform host,0.9,SR-DMAF no-graduated,0.6688888888888889,0.3207407407407407,0.0006138735420503376,0.0011061946902654867,0.3034575360859349,0.0008989480032544193,0.04196038939241356,0.0029623518824058795,0.9990955521038987
2,uniform host,0.95,B1 naive detect-isolate,0.9896296296296296,0.0,0.012277470841006752,0.014749262536873156,0.4551863041289023,0.01827481636995693,0.07888553205773749,0.04014799260036998,0.9816303578913032
2,uniform host,0.95,B2 uncertainty triage,0.942962962962963,0.04666666666666667,0.001841620626151013,0.0023510971786833857,0.42833165491775765,0.01683536165588498,0.07317891910036925,0.03930450029222677,0.9831479490140967
2,uniform host,0.95,B3 graduated only,0.9401481481481482,0.0,0.012277470841006752,0.014749262536873156,0.0,0.0,0.0,0.0,1.0
2,uniform host,0.95,SR-DMAF (full),0.8660740740740739,0.10592592592592592,0.0012277470841006752,0.0016736401673640166,0.3034575360859349,0.0008989480032544193,0.04196038939241356,0.0029623518824058795,0.9990955521038987
2,uniform host,0.95,SR-DMAF w/o P1,0.8814074074074073,0.09037037037037036,0.0012277470841006752,0.001644736842105263,0.30949983215844246,0.0009160166362276045,0.042631755622692176,0.002959667634839516,0.9990784834709254
2,uniform host,0.95,SR-DMAF w/o P2,0.8995925925925926,0.07185185185185185,0.004297114794352364,0.0056179775280898875,0.3158778113460893,0.0009615329908227652,0.04464585431352803,0.003044002953943695,0.9990161829605734
2,uniform host,0.95,SR-DMAF w/o P3,0.916962962962963,0.06296296296296296,0.0012277470841006752,0.0015961691939345571,0.3346760657938906,0.0010298075227155056,0.0473313192346425,0.0030770276932492392,0.9989590978658519
2,uniform host,0.95,SR-DMAF w/o P4,0.8745185185185186,0.10592592592592592,0.0012277470841006752,0.0016736401673640166,0.3799932863376972,0.015651936436410805,0.06445115810674723,0.04119003413786908,0.9843425636707422
2,uniform host,0.95,SR-DMAF no-graduated,0.6688888888888889,0.3207407407407407,0.0006138735420503376,0.0011061946902654867,0.3034575360859349,0.0008989480032544193,0.04196038939241356,0.0029623518824058795,0.9990955521038987
2,uniform host,1.0,B1 naive detect-isolate,0.9896296296296296,0.0,0.012277470841006752,0.014749262536873156,0.4551863041289023,0.01827481636995693,0.07888553205773749,0.04014799260036998,0.9816303578913032
2,uniform host,1.0,B2 uncertainty triage,0.942962962962963,0.04666666666666667,0.001841620626151013,0.0023510971786833857,0.42833165491775765,0.01683536165588498,0.07317891910036925,0.03930450029222677,0.9831479490140967
2,uniform host,1.0,B3 graduated only,0.9896296296296296,0.0,0.012277470841006752,0.014749262536873156,0.0,0.0,0.0,0.0,1.0
2,uniform host,1.0,SR-DMAF (full),0.8745185185185186,0.10592592592592592,0.0012277470841006752,0.0016736401673640166,0.3034575360859349,0.0008989480032544193,0.04196038939241356,0.0029623518824058795,0.9990955521038987
2,uniform host,1.0,SR-DMAF w/o P1,0.889925925925926,0.09037037037037036,0.0012277470841006752,0.001644736842105263,0.30949983215844246,0.0009160166362276045,0.042631755622692176,0.002959667634839516,0.9990784834709254
2,uniform host,1.0,SR-DMAF w/o P2,0.9084444444444445,0.07185185185185185,0.004297114794352364,0.0056179775280898875,0.3158778113460893,0.0009615329908227652,0.04464585431352803,0.003044002953943695,0.9990161829605734
2,uniform host,1.0,SR-DMAF w/o P3,0.9263703703703703,0.06296296296296296,0.0012277470841006752,0.0015961691939345571,0.3346760657938906,0.0010298075227155056,0.0473313192346425,0.0030770276932492392,0.9989590978658519
2,uniform host,1.0,SR-DMAF w/o P4,0.8745185185185186,0.10592592592592592,0.0012277470841006752,0.0016736401673640166,0.3799932863376972,0.015651936436410805,0.06445115810674723,0.04119003413786908,0.9843425636707422
2,uniform host,1.0,SR-DMAF no-graduated,0.6688888888888889,0.3207407407407407,0.0006138735420503376,0.0011061946902654867,0.3034575360859349,0.0008989480032544193,0.04196038939241356,0.0029623518824058795,0.9990955521038987
2,Tier-1 host,0.8,B1 naive detect-isolate,0.9896296296296296,0.0,0.012277470841006752,0.014749262536873156,0.4551863041289023,0.08432473643185917,0.1456864719704599,0.1852532373381331,0.9155754120652477
2,Tier-1 host,0.8,B2 uncertainty triage,0.942962962962963,0.04666666666666667,0.001841620626151013,0.0023510971786833857,0.42833165491775765,0.08023395406261913,0.1379657603222558,0.18731735827001753,0.9197496410845789
2,Tier-1 host,0.8,B3 graduated only,0.7917037037037037,0.0,0.012277470841006752,0.014749262536873156,0.0,0.0,0.0,0.0,1.0
2,Tier-1 host,0.8,SR-DMAF (full),0.7069629629629629,0.10592592592592592,0.0012277470841006752,0.0016736401673640166,0.0,0.0,0.0,0.0,1.0
2,Tier-1 host,0.8,SR-DMAF w/o P1,0.7194074074074074,0.09037037037037036,0.0012277470841006752,0.001644736842105263,0.0,0.0,0.0,0.0,1.0
2,Tier-1 host,0.8,SR-DMAF w/o P2,0.7342222222222221,0.07185185185185185,0.004297114794352364,0.0056179775280898875,0.0,0.0,0.0,0.0,1.0
2,Tier-1 host,0.8,SR-DMAF w/o P3,0.7413333333333333,0.06296296296296296,0.0012277470841006752,0.0015961691939345571,0.0,0.0,0.0,0.0,1.0
2,Tier-1 host,0.8,SR-DMAF w/o P4,0.8745185185185186,0.10592592592592592,0.0012277470841006752,0.0016736401673640166,0.3799932863376972,0.06933278713707819,0.1221886539107083,0.18245792657363596,0.9306619026215524
2,Tier-1 host,0.8,SR-DMAF no-graduated,0.0,0.9896296296296296,0.0,0.0,0.0,0.0,0.0,0.0,1.0
2,Tier-1 host,0.9,B1 naive detect-isolate,0.9896296296296296,0.0,0.012277470841006752,0.014749262536873156,0.4551863041289023,0.08432473643185917,0.1456864719704599,0.1852532373381331,0.9155754120652477
2,Tier-1 host,0.9,B2 uncertainty triage,0.942962962962963,0.04666666666666667,0.001841620626151013,0.0023510971786833857,0.42833165491775765,0.08023395406261913,0.1379657603222558,0.18731735827001753,0.9197496410845789
2,Tier-1 host,0.9,B3 graduated only,0.8906666666666669,0.0,0.012277470841006752,0.014749262536873156,0.0,0.0,0.0,0.0,1.0
2,Tier-1 host,0.9,SR-DMAF (full),0.7907407407407409,0.10592592592592592,0.0012277470841006752,0.0016736401673640166,0.0,0.0,0.0,0.0,1.0
2,Tier-1 host,0.9,SR-DMAF w/o P1,0.8046666666666668,0.09037037037037036,0.0012277470841006752,0.001644736842105263,0.0,0.0,0.0,0.0,1.0
2,Tier-1 host,0.9,SR-DMAF w/o P2,0.8213333333333335,0.07185185185185185,0.004297114794352364,0.0056179775280898875,0.0,0.0,0.0,0.0,1.0
2,Tier-1 host,0.9,SR-DMAF w/o P3,0.8338518518518521,0.06296296296296296,0.0012277470841006752,0.0015961691939345571,0.0,0.0,0.0,0.0,1.0
2,Tier-1 host,0.9,SR-DMAF w/o P4,0.8745185185185186,0.10592592592592592,0.0012277470841006752,0.0016736401673640166,0.3799932863376972,0.06933278713707819,0.1221886539107083,0.18245792657363596,0.9306619026215524
2,Tier-1 host,0.9,SR-DMAF no-graduated,0.0,0.9896296296296296,0.0,0.0,0.0,0.0,0.0,0.0,1.0
2,Tier-1 host,0.95,B1 naive detect-isolate,0.9896296296296296,0.0,0.012277470841006752,0.014749262536873156,0.4551863041289023,0.08432473643185917,0.1456864719704599,0.1852532373381331,0.9155754120652477
2,Tier-1 host,0.95,B2 uncertainty triage,0.942962962962963,0.04666666666666667,0.001841620626151013,0.0023510971786833857,0.42833165491775765,0.08023395406261913,0.1379657603222558,0.18731735827001753,0.9197496410845789
2,Tier-1 host,0.95,B3 graduated only,0.9401481481481482,0.0,0.012277470841006752,0.014749262536873156,0.0,0.0,0.0,0.0,1.0
2,Tier-1 host,0.95,SR-DMAF (full),0.8326296296296297,0.10592592592592592,0.0012277470841006752,0.0016736401673640166,0.0,0.0,0.0,0.0,1.0
2,Tier-1 host,0.95,SR-DMAF w/o P1,0.8472962962962962,0.09037037037037036,0.0012277470841006752,0.001644736842105263,0.0,0.0,0.0,0.0,1.0
2,Tier-1 host,0.95,SR-DMAF w/o P2,0.864888888888889,0.07185185185185185,0.004297114794352364,0.0056179775280898875,0.0,0.0,0.0,0.0,1.0
2,Tier-1 host,0.95,SR-DMAF w/o P3,0.8801111111111112,0.06296296296296296,0.0012277470841006752,0.0015961691939345571,0.0,0.0,0.0,0.0,1.0
2,Tier-1 host,0.95,SR-DMAF w/o P4,0.8745185185185186,0.10592592592592592,0.0012277470841006752,0.0016736401673640166,0.3799932863376972,0.06933278713707819,0.1221886539107083,0.18245792657363596,0.9306619026215524
2,Tier-1 host,0.95,SR-DMAF no-graduated,0.0,0.9896296296296296,0.0,0.0,0.0,0.0,0.0,0.0,1.0
2,Tier-1 host,1.0,B1 naive detect-isolate,0.9896296296296296,0.0,0.012277470841006752,0.014749262536873156,0.4551863041289023,0.08432473643185917,0.1456864719704599,0.1852532373381331,0.9155754120652477
2,Tier-1 host,1.0,B2 uncertainty triage,0.942962962962963,0.04666666666666667,0.001841620626151013,0.0023510971786833857,0.42833165491775765,0.08023395406261913,0.1379657603222558,0.18731735827001753,0.9197496410845789
2,Tier-1 host,1.0,B3 graduated only,0.9896296296296296,0.0,0.012277470841006752,0.014749262536873156,0.0,0.0,0.0,0.0,1.0
2,Tier-1 host,1.0,SR-DMAF (full),0.8745185185185186,0.10592592592592592,0.0012277470841006752,0.0016736401673640166,0.0,0.0,0.0,0.0,1.0
2,Tier-1 host,1.0,SR-DMAF w/o P1,0.889925925925926,0.09037037037037036,0.0012277470841006752,0.001644736842105263,0.0,0.0,0.0,0.0,1.0
2,Tier-1 host,1.0,SR-DMAF w/o P2,0.9084444444444445,0.07185185185185185,0.004297114794352364,0.0056179775280898875,0.0,0.0,0.0,0.0,1.0
2,Tier-1 host,1.0,SR-DMAF w/o P3,0.9263703703703703,0.06296296296296296,0.0012277470841006752,0.0015961691939345571,0.0,0.0,0.0,0.0,1.0
2,Tier-1 host,1.0,SR-DMAF w/o P4,0.8745185185185186,0.10592592592592592,0.0012277470841006752,0.0016736401673640166,0.3799932863376972,0.06933278713707819,0.1221886539107083,0.18245792657363596,0.9306619026215524
2,Tier-1 host,1.0,SR-DMAF no-graduated,0.0,0.9896296296296296,0.0,0.0,0.0,0.0,0.0,0.0,1.0
3,uniform host,0.8,B1 naive detect-isolate,0.9958734525447043,0.0,0.01235370611183355,0.012951601908657124,0.49030748663101603,0.01730037161243542,0.0785427807486631,0.03528473883054314,0.9825938850116318
3,uniform host,0.8,B2 uncertainty triage,0.9346629986244842,0.061210453920220086,0.0006501950585175553,0.0007352941176470588,0.45454545454545453,0.016224055107405058,0.07453208556149733,0.03569292123629113,0.9837703744826127
3,uniform host,0.8,B3 graduated only,0.7966987620357633,0.0,0.01235370611183355,0.012951601908657124,0.0,0.0,0.0,0.0,1.0
3,uniform host,0.8,SR-DMAF (full),0.8020632737276479,0.15268225584594222,0.0006501950585175553,0.0008149959250203749,0.31016042780748665,0.0009686848545273272,0.041109625668449196,0.003123173582700176,0.9990257447354906
3,uniform host,0.8,SR-DMAF w/o P1,0.8173314993122421,0.1361760660247593,0.0006501950585175553,0.0007993605115907274,0.31517379679144386,0.0009743496782380133,0.04144385026737968,0.003091467908046803,0.9990200799117798
3,uniform host,0.8,SR-DMAF w/o P2,0.8508940852819807,0.10247592847317744,0.006501950585175552,0.007639419404125287,0.3322192513368984,0.0010253330916341883,0.043114973262032084,0.0030863144971524058,0.9989523852684371
3,uniform host,0.8,SR-DMAF w/o P3,0.8751031636863824,0.08321870701513068,0.0006501950585175553,0.0007530120481927711,0.35260695187165775,0.0011442943895585969,0.047459893048128345,0.0032452405815728167,0.9988501352004592
3,uniform host,0.8,SR-DMAF w/o P4,0.8330123796423657,0.15268225584594222,0.0006501950585175553,0.0008149959250203749,0.38536096256684493,0.014654898939545,0.06517379679144385,0.03802901788995546,0.9853395306504729
3,uniform host,0.8,SR-DMAF no-graduated,0.6375515818431912,0.35832187070151306,0.0006501950585175553,0.0010775862068965517,0.31016042780748665,0.0009686848545273272,0.041109625668449196,0.003123173582700176,0.9990257447354906
3,uniform host,0.9,B1 naive detect-isolate,0.9958734525447043,0.0,0.01235370611183355,0.012951601908657124,0.49030748663101603,0.01730037161243542,0.0785427807486631,0.03528473883054314,0.9825938850116318
3,uniform host,0.9,B2 uncertainty triage,0.9346629986244842,0.061210453920220086,0.0006501950585175553,0.0007352941176470588,0.45454545454545453,0.016224055107405058,0.07453208556149733,0.03569292123629113,0.9837703744826127
3,uniform host,0.9,B3 graduated only,0.8962861072902341,0.0,0.01235370611183355,0.012951601908657124,0.0,0.0,0.0,0.0,1.0
3,uniform host,0.9,SR-DMAF (full),0.817537826685007,0.15268225584594222,0.0006501950585175553,0.0008149959250203749,0.31016042780748665,0.0009686848545273272,0.041109625668449196,0.003123173582700176,0.9990257447354906
3,uniform host,0.9,SR-DMAF w/o P1,0.8331499312242091,0.1361760660247593,0.0006501950585175553,0.0007993605115907274,0.31517379679144386,0.0009743496782380133,0.04144385026737968,0.003091467908046803,0.9990200799117798
3,uniform host,0.9,SR-DMAF w/o P2,0.8669188445667125,0.10247592847317744,0.006501950585175552,0.007639419404125287,0.3322192513368984,0.0010253330916341883,0.043114973262032084,0.0030863144971524058,0.9989523852684371
3,uniform host,0.9,SR-DMAF w/o P3,0.8934662998624484,0.08321870701513068,0.0006501950585175553,0.0007530120481927711,0.35260695187165775,0.0011442943895585969,0.047459893048128345,0.0032452405815728167,0.9988501352004592
3,uniform host,0.9,SR-DMAF w/o P4,0.8330123796423657,0.15268225584594222,0.0006501950585175553,0.0008149959250203749,0.38536096256684493,0.014654898939545,0.06517379679144385,0.03802901788995546,0.9853395306504729
3,uniform host,0.9,SR-DMAF no-graduated,0.6375515818431912,0.35832187070151306,0.0006501950585175553,0.0010775862068965517,0.31016042780748665,0.0009686848545273272,0.041109625668449196,0.003123173582700176,0.9990257447354906
3,uniform host,0.95,B1 naive detect-isolate,0.9958734525447043,0.0,0.01235370611183355,0.012951601908657124,0.49030748663101603,0.01730037161243542,0.0785427807486631,0.03528473883054314,0.9825938850116318
3,uniform host,0.95,B2 uncertainty triage,0.9346629986244842,0.061210453920220086,0.0006501950585175553,0.0007352941176470588,0.45454545454545453,0.016224055107405058,0.07453208556149733,0.03569292123629113,0.9837703744826127
3,uniform host,0.95,B3 graduated only,0.9460797799174689,0.0,0.01235370611183355,0.012951601908657124,0.0,0.0,0.0,0.0,1.0
3,uniform host,0.95,SR-DMAF (full),0.8252751031636865,0.15268225584594222,0.0006501950585175553,0.0008149959250203749,0.31016042780748665,0.0009686848545273272,0.041109625668449196,0.003123173582700176,0.9990257447354906
3,uniform host,0.95,SR-DMAF w/o P1,0.8410591471801926,0.1361760660247593,0.0006501950585175553,0.0007993605115907274,0.31517379679144386,0.0009743496782380133,0.04144385026737968,0.003091467908046803,0.9990200799117798
3,uniform host,0.95,SR-DMAF w/o P2,0.8749312242090784,0.10247592847317744,0.006501950585175552,0.007639419404125287,0.3322192513368984,0.0010253330916341883,0.043114973262032084,0.0030863144971524058,0.9989523852684371
3,uniform host,0.95,SR-DMAF w/o P3,0.9026478679504814,0.08321870701513068,0.0006501950585175553,0.0007530120481927711,0.35260695187165775,0.0011442943895585969,0.047459893048128345,0.0032452405815728167,0.9988501352004592
3,uniform host,0.95,SR-DMAF w/o P4,0.8330123796423657,0.15268225584594222,0.0006501950585175553,0.0008149959250203749,0.38536096256684493,0.014654898939545,0.06517379679144385,0.03802901788995546,0.9853395306504729
3,uniform host,0.95,SR-DMAF no-graduated,0.6375515818431912,0.35832187070151306,0.0006501950585175553,0.0010775862068965517,0.31016042780748665,0.0009686848545273272,0.041109625668449196,0.003123173582700176,0.9990257447354906
3,uniform host,1.0,B1 naive detect-isolate,0.9958734525447043,0.0,0.01235370611183355,0.012951601908657124,0.49030748663101603,0.01730037161243542,0.0785427807486631,0.03528473883054314,0.9825938850116318
3,uniform host,1.0,B2 uncertainty triage,0.9346629986244842,0.061210453920220086,0.0006501950585175553,0.0007352941176470588,0.45454545454545453,0.016224055107405058,0.07453208556149733,0.03569292123629113,0.9837703744826127
3,uniform host,1.0,B3 graduated only,0.9958734525447043,0.0,0.01235370611183355,0.012951601908657124,0.0,0.0,0.0,0.0,1.0
3,uniform host,1.0,SR-DMAF (full),0.8330123796423657,0.15268225584594222,0.0006501950585175553,0.0008149959250203749,0.31016042780748665,0.0009686848545273272,0.041109625668449196,0.003123173582700176,0.9990257447354906
3,uniform host,1.0,SR-DMAF w/o P1,0.8489683631361761,0.1361760660247593,0.0006501950585175553,0.0007993605115907274,0.31517379679144386,0.0009743496782380133,0.04144385026737968,0.003091467908046803,0.9990200799117798
3,uniform host,1.0,SR-DMAF w/o P2,0.8829436038514444,0.10247592847317744,0.006501950585175552,0.007639419404125287,0.3322192513368984,0.0010253330916341883,0.043114973262032084,0.0030863144971524058,0.9989523852684371
3,uniform host,1.0,SR-DMAF w/o P3,0.9118294360385145,0.08321870701513068,0.0006501950585175553,0.0007530120481927711,0.35260695187165775,0.0011442943895585969,0.047459893048128345,0.0032452405815728167,0.9988501352004592
3,uniform host,1.0,SR-DMAF w/o P4,0.8330123796423657,0.15268225584594222,0.0006501950585175553,0.0008149959250203749,0.38536096256684493,0.014654898939545,0.06517379679144385,0.03802901788995546,0.9853395306504729
3,uniform host,1.0,SR-DMAF no-graduated,0.6375515818431912,0.35832187070151306,0.0006501950585175553,0.0010775862068965517,0.31016042780748665,0.0009686848545273272,0.041109625668449196,0.003123173582700176,0.9990257447354906
3,Tier-1 host,0.8,B1 naive detect-isolate,0.9958734525447043,0.0,0.01235370611183355,0.012951601908657124,0.49030748663101603,0.09417202936644613,0.16143048128342247,0.19206728825112934,0.9057474357231337
3,Tier-1 host,0.8,B2 uncertainty triage,0.9346629986244842,0.061210453920220086,0.0006501950585175553,0.0007352941176470588,0.45454545454545453,0.08673411583431523,0.14906417112299467,0.19081505483549352,0.9132603137557026
3,Tier-1 host,0.8,B3 graduated only,0.7966987620357633,0.0,0.01235370611183355,0.012951601908657124,0.0,0.0,0.0,0.0,1.0
3,Tier-1 host,0.8,SR-DMAF (full),0.6745529573590096,0.15268225584594222,0.0006501950585175553,0.0008149959250203749,0.0,0.0,0.0,0.0,1.0
3,Tier-1 host,0.8,SR-DMAF w/o P1,0.6877579092159559,0.1361760660247593,0.0006501950585175553,0.0007993605115907274,0.0,0.0,0.0,0.0,1.0
3,Tier-1 host,0.8,SR-DMAF w/o P2,0.7147180192572213,0.10247592847317744,0.006501950585175552,0.007639419404125287,0.0,0.0,0.0,0.0,1.0
3,Tier-1 host,0.8,SR-DMAF w/o P3,0.7301237964236588,0.08321870701513068,0.0006501950585175553,0.0007530120481927711,0.0,0.0,0.0,0.0,1.0
3,Tier-1 host,0.8,SR-DMAF w/o P4,0.8330123796423657,0.15268225584594222,0.0006501950585175553,0.0008149959250203749,0.38536096256684493,0.07202256865766338,0.12232620320855615,0.1868963793787761,0.9279718609323544
3,Tier-1 host,0.8,SR-DMAF no-graduated,0.0,0.9958734525447043,0.0,0.0,0.0,0.0,0.0,0.0,1.0
3,Tier-1 host,0.9,B1 naive detect-isolate,0.9958734525447043,0.0,0.01235370611183355,0.012951601908657124,0.49030748663101603,0.09417202936644613,0.16143048128342247,0.19206728825112934,0.9057474357231337
3,Tier-1 host,0.9,B2 uncertainty triage,0.9346629986244842,0.061210453920220086,0.0006501950585175553,0.0007352941176470588,0.45454545454545453,0.08673411583431523,0.14906417112299467,0.19081505483549352,0.9132603137557026
3,Tier-1 host,0.9,B3 graduated only,0.8962861072902341,0.0,0.01235370611183355,0.012951601908657124,0.0,0.0,0.0,0.0,1.0
3,Tier-1 host,0.9,SR-DMAF (full),0.7537826685006879,0.15268225584594222,0.0006501950585175553,0.0008149959250203749,0.0,0.0,0.0,0.0,1.0
3,Tier-1 host,0.9,SR-DMAF w/o P1,0.7683631361760662,0.1361760660247593,0.0006501950585175553,0.0007993605115907274,0.0,0.0,0.0,0.0,1.0
3,Tier-1 host,0.9,SR-DMAF w/o P2,0.7988308115543332,0.10247592847317744,0.006501950585175552,0.007639419404125287,0.0,0.0,0.0,0.0,1.0
3,Tier-1 host,0.9,SR-DMAF w/o P3,0.8209766162310869,0.08321870701513068,0.0006501950585175553,0.0007530120481927711,0.0,0.0,0.0,0.0,1.0
3,Tier-1 host,0.9,SR-DMAF w/o P4,0.8330123796423657,0.15268225584594222,0.0006501950585175553,0.0008149959250203749,0.38536096256684493,0.07202256865766338,0.12232620320855615,0.1868963793787761,0.9279718609323544
3,Tier-1 host,0.9,SR-DMAF no-graduated,0.0,0.9958734525447043,0.0,0.0,0.0,0.0,0.0,0.0,1.0
3,Tier-1 host,0.95,B1 naive detect-isolate,0.9958734525447043,0.0,0.01235370611183355,0.012951601908657124,0.49030748663101603,0.09417202936644613,0.16143048128342247,0.19206728825112934,0.9057474357231337
3,Tier-1 host,0.95,B2 uncertainty triage,0.9346629986244842,0.061210453920220086,0.0006501950585175553,0.0007352941176470588,0.45454545454545453,0.08673411583431523,0.14906417112299467,0.19081505483549352,0.9132603137557026
3,Tier-1 host,0.95,B3 graduated only,0.9460797799174689,0.0,0.01235370611183355,0.012951601908657124,0.0,0.0,0.0,0.0,1.0
3,Tier-1 host,0.95,SR-DMAF (full),0.7933975240715267,0.15268225584594222,0.0006501950585175553,0.0008149959250203749,0.0,0.0,0.0,0.0,1.0
3,Tier-1 host,0.95,SR-DMAF w/o P1,0.808665749656121,0.1361760660247593,0.0006501950585175553,0.0007993605115907274,0.0,0.0,0.0,0.0,1.0
3,Tier-1 host,0.95,SR-DMAF w/o P2,0.8408872077028886,0.10247592847317744,0.006501950585175552,0.007639419404125287,0.0,0.0,0.0,0.0,1.0
3,Tier-1 host,0.95,SR-DMAF w/o P3,0.8664030261348006,0.08321870701513068,0.0006501950585175553,0.0007530120481927711,0.0,0.0,0.0,0.0,1.0
3,Tier-1 host,0.95,SR-DMAF w/o P4,0.8330123796423657,0.15268225584594222,0.0006501950585175553,0.0008149959250203749,0.38536096256684493,0.07202256865766338,0.12232620320855615,0.1868963793787761,0.9279718609323544
3,Tier-1 host,0.95,SR-DMAF no-graduated,0.0,0.9958734525447043,0.0,0.0,0.0,0.0,0.0,0.0,1.0
3,Tier-1 host,1.0,B1 naive detect-isolate,0.9958734525447043,0.0,0.01235370611183355,0.012951601908657124,0.49030748663101603,0.09417202936644613,0.16143048128342247,0.19206728825112934,0.9057474357231337
3,Tier-1 host,1.0,B2 uncertainty triage,0.9346629986244842,0.061210453920220086,0.0006501950585175553,0.0007352941176470588,0.45454545454545453,0.08673411583431523,0.14906417112299467,0.19081505483549352,0.9132603137557026
3,Tier-1 host,1.0,B3 graduated only,0.9958734525447043,0.0,0.01235370611183355,0.012951601908657124,0.0,0.0,0.0,0.0,1.0
3,Tier-1 host,1.0,SR-DMAF (full),0.8330123796423657,0.15268225584594222,0.0006501950585175553,0.0008149959250203749,0.0,0.0,0.0,0.0,1.0
3,Tier-1 host,1.0,SR-DMAF w/o P1,0.8489683631361761,0.1361760660247593,0.0006501950585175553,0.0007993605115907274,0.0,0.0,0.0,0.0,1.0
3,Tier-1 host,1.0,SR-DMAF w/o P2,0.8829436038514444,0.10247592847317744,0.006501950585175552,0.007639419404125287,0.0,0.0,0.0,0.0,1.0
3,Tier-1 host,1.0,SR-DMAF w/o P3,0.9118294360385145,0.08321870701513068,0.0006501950585175553,0.0007530120481927711,0.0,0.0,0.0,0.0,1.0
3,Tier-1 host,1.0,SR-DMAF w/o P4,0.8330123796423657,0.15268225584594222,0.0006501950585175553,0.0008149959250203749,0.38536096256684493,0.07202256865766338,0.12232620320855615,0.1868963793787761,0.9279718609323544
3,Tier-1 host,1.0,SR-DMAF no-graduated,0.0,0.9958734525447043,0.0,0.0,0.0,0.0,0.0,0.0,1.0
4,uniform host,0.8,B1 naive detect-isolate,0.9907223326706428,0.0,0.010855683269476373,0.011243386243386243,0.4917073170731707,0.02177208212760094,0.08943089430894309,0.044278540041251896,0.9781363281429425
4,uniform host,0.8,B2 uncertainty triage,0.9589131875414182,0.03180914512922465,0.001277139208173691,0.0013802622498274672,0.4712195121951219,0.02123742593358137,0.08390243902439025,0.045069071598179924,0.9787517339580175
4,uniform host,0.8,B3 graduated only,0.7925778661365143,0.0,0.010855683269476373,0.011243386243386243,0.0,0.0,0.0,0.0,1.0
4,uniform host,0.8,SR-DMAF (full),0.8649436713055002,0.08548707753479125,0.0006385696040868455,0.000731528895391368,0.34536585365853656,0.0010968719856690092,0.04878048780487805,0.0031759711449455773,0.998903128014331
4,uniform host,0.8,SR-DMAF w/o P1,0.8776673293571903,0.07157057654075547,0.001277139208173691,0.0014398848092152627,0.34959349593495936,0.001102383905194984,0.049105691056910566,0.0031533307055577452,0.9988921960406044
4,uniform host,0.8,SR-DMAF w/o P2,0.8907886017229952,0.0583167660702452,0.0031928480204342275,0.0035410764872521247,0.35544715447154474,0.0011409673418768087,0.050731707317073174,0.0032099492921053856,0.9988590326581231
4,uniform host,0.8,SR-DMAF w/o P3,0.9080185553346587,0.04638833664678595,0.0006385696040868455,0.0007012622720897616,0.3746341463414634,0.0011850626980846079,0.05268292682926829,0.00316325329566855,0.9988095172477148
4,uniform host,0.8,SR-DMAF w/o P4,0.8976805831676606,0.08548707753479125,0.0006385696040868455,0.000731528895391368,0.42569105691056913,0.017208212760093704,0.07447154471544716,0.040424181999456174,0.9827917872399063
4,uniform host,0.8,SR-DMAF no-graduated,0.7037773359840954,0.2869449966865474,0.0,0.0,0.34536585365853656,0.0010968719856690092,0.04878048780487805,0.0031759711449455773,0.998903128014331
4,uniform host,0.9,B1 naive detect-isolate,0.9907223326706428,0.0,0.010855683269476373,0.011243386243386243,0.4917073170731707,0.02177208212760094,0.08943089430894309,0.044278540041251896,0.9781363281429425
4,uniform host,0.9,B2 uncertainty triage,0.9589131875414182,0.03180914512922465,0.001277139208173691,0.0013802622498274672,0.4712195121951219,0.02123742593358137,0.08390243902439025,0.045069071598179924,0.9787517339580175
4,uniform host,0.9,B3 graduated only,0.8916500994035789,0.0,0.010855683269476373,0.011243386243386243,0.0,0.0,0.0,0.0,1.0
4,uniform host,0.9,SR-DMAF (full),0.8813121272365806,0.08548707753479125,0.0006385696040868455,0.000731528895391368,0.34536585365853656,0.0010968719856690092,0.04878048780487805,0.0031759711449455773,0.998903128014331
4,uniform host,0.9,SR-DMAF w/o P1,0.894367130550033,0.07157057654075547,0.001277139208173691,0.0014398848092152627,0.34959349593495936,0.001102383905194984,0.049105691056910566,0.0031533307055577452,0.9988921960406044
4,uniform host,0.9,SR-DMAF w/o P2,0.9077534791252485,0.0583167660702452,0.0031928480204342275,0.0035410764872521247,0.35544715447154474,0.0011409673418768087,0.050731707317073174,0.0032099492921053856,0.9988590326581231
4,uniform host,0.9,SR-DMAF w/o P3,0.9261100066269052,0.04638833664678595,0.0006385696040868455,0.0007012622720897616,0.3746341463414634,0.0011850626980846079,0.05268292682926829,0.00316325329566855,0.9988095172477148
4,uniform host,0.9,SR-DMAF w/o P4,0.8976805831676606,0.08548707753479125,0.0006385696040868455,0.000731528895391368,0.42569105691056913,0.017208212760093704,0.07447154471544716,0.040424181999456174,0.9827917872399063
4,uniform host,0.9,SR-DMAF no-graduated,0.7037773359840954,0.2869449966865474,0.0,0.0,0.34536585365853656,0.0010968719856690092,0.04878048780487805,0.0031759711449455773,0.998903128014331
4,uniform host,0.95,B1 naive detect-isolate,0.9907223326706428,0.0,0.010855683269476373,0.011243386243386243,0.4917073170731707,0.02177208212760094,0.08943089430894309,0.044278540041251896,0.9781363281429425
4,uniform host,0.95,B2 uncertainty triage,0.9589131875414182,0.03180914512922465,0.001277139208173691,0.0013802622498274672,0.4712195121951219,0.02123742593358137,0.08390243902439025,0.045069071598179924,0.9787517339580175
4,uniform host,0.95,B3 graduated only,0.9411862160371107,0.0,0.010855683269476373,0.011243386243386243,0.0,0.0,0.0,0.0,1.0
4,uniform host,0.95,SR-DMAF (full),0.8894963552021206,0.08548707753479125,0.0006385696040868455,0.000731528895391368,0.34536585365853656,0.0010968719856690092,0.04878048780487805,0.0031759711449455773,0.998903128014331
4,uniform host,0.95,SR-DMAF w/o P1,0.9027170311464546,0.07157057654075547,0.001277139208173691,0.0014398848092152627,0.34959349593495936,0.001102383905194984,0.049105691056910566,0.0031533307055577452,0.9988921960406044
4,uniform host,0.95,SR-DMAF w/o P2,0.916235917826375,0.0583167660702452,0.0031928480204342275,0.0035410764872521247,0.35544715447154474,0.0011409673418768087,0.050731707317073174,0.0032099492921053856,0.9988590326581231
4,uniform host,0.95,SR-DMAF w/o P3,0.9351557322730285,0.04638833664678595,0.0006385696040868455,0.0007012622720897616,0.3746341463414634,0.0011850626980846079,0.05268292682926829,0.00316325329566855,0.9988095172477148
4,uniform host,0.95,SR-DMAF w/o P4,0.8976805831676606,0.08548707753479125,0.0006385696040868455,0.000731528895391368,0.42569105691056913,0.017208212760093704,0.07447154471544716,0.040424181999456174,0.9827917872399063
4,uniform host,0.95,SR-DMAF no-graduated,0.7037773359840954,0.2869449966865474,0.0,0.0,0.34536585365853656,0.0010968719856690092,0.04878048780487805,0.0031759711449455773,0.998903128014331
4,uniform host,1.0,B1 naive detect-isolate,0.9907223326706428,0.0,0.010855683269476373,0.011243386243386243,0.4917073170731707,0.02177208212760094,0.08943089430894309,0.044278540041251896,0.9781363281429425
4,uniform host,1.0,B2 uncertainty triage,0.9589131875414182,0.03180914512922465,0.001277139208173691,0.0013802622498274672,0.4712195121951219,0.02123742593358137,0.08390243902439025,0.045069071598179924,0.9787517339580175
4,uniform host,1.0,B3 graduated only,0.9907223326706428,0.0,0.010855683269476373,0.011243386243386243,0.0,0.0,0.0,0.0,1.0
4,uniform host,1.0,SR-DMAF (full),0.8976805831676606,0.08548707753479125,0.0006385696040868455,0.000731528895391368,0.34536585365853656,0.0010968719856690092,0.04878048780487805,0.0031759711449455773,0.998903128014331
4,uniform host,1.0,SR-DMAF w/o P1,0.9110669317428762,0.07157057654075547,0.001277139208173691,0.0014398848092152627,0.34959349593495936,0.001102383905194984,0.049105691056910566,0.0031533307055577452,0.9988921960406044
4,uniform host,1.0,SR-DMAF w/o P2,0.9247183565275017,0.0583167660702452,0.0031928480204342275,0.0035410764872521247,0.35544715447154474,0.0011409673418768087,0.050731707317073174,0.0032099492921053856,0.9988590326581231
4,uniform host,1.0,SR-DMAF w/o P3,0.9442014579191518,0.04638833664678595,0.0006385696040868455,0.0007012622720897616,0.3746341463414634,0.0011850626980846079,0.05268292682926829,0.00316325329566855,0.9988095172477148
4,uniform host,1.0,SR-DMAF w/o P4,0.8976805831676606,0.08548707753479125,0.0006385696040868455,0.000731528895391368,0.42569105691056913,0.017208212760093704,0.07447154471544716,0.040424181999456174,0.9827917872399063
4,uniform host,1.0,SR-DMAF no-graduated,0.7037773359840954,0.2869449966865474,0.0,0.0,0.34536585365853656,0.0010968719856690092,0.04878048780487805,0.0031759711449455773,0.998903128014331
4,Tier-1 host,0.8,B1 naive detect-isolate,0.9907223326706428,0.0,0.010855683269476373,0.011243386243386243,0.4917073170731707,0.08495521565385145,0.15577235772357723,0.17277598421666215,0.914968903587341
4,Tier-1 host,0.8,B2 uncertainty triage,0.9589131875414182,0.03180914512922465,0.001277139208173691,0.0013802622498274672,0.4712195121951219,0.08031417941298057,0.14926829268292682,0.17043899357827139,0.9196749804786184
4,Tier-1 host,0.8,B3 graduated only,0.7925778661365143,0.0,0.010855683269476373,0.011243386243386243,0.0,0.0,0.0,0.0,1.0
4,Tier-1 host,0.8,SR-DMAF (full),0.724188204108681,0.08548707753479125,0.0006385696040868455,0.000731528895391368,0.0,0.0,0.0,0.0,1.0
4,Tier-1 host,0.8,SR-DMAF w/o P1,0.7353214049039098,0.07157057654075547,0.001277139208173691,0.0014398848092152627,0.0,0.0,0.0,0.0,1.0
4,Tier-1 host,0.8,SR-DMAF w/o P2,0.745924453280318,0.0583167660702452,0.0031928480204342275,0.0035410764872521247,0.0,0.0,0.0,0.0,1.0
4,Tier-1 host,0.8,SR-DMAF w/o P3,0.7554671968190854,0.04638833664678595,0.0006385696040868455,0.0007012622720897616,0.0,0.0,0.0,0.0,1.0
4,Tier-1 host,0.8,SR-DMAF w/o P4,0.8976805831676606,0.08548707753479125,0.0006385696040868455,0.000731528895391368,0.42569105691056913,0.07297230260438198,0.13463414634146342,0.17142080252748249,0.927027697395618
4,Tier-1 host,0.8,SR-DMAF no-graduated,0.0,0.9907223326706428,0.0,0.0,0.0,0.0,0.0,0.0,1.0
4,Tier-1 host,0.9,B1 naive detect-isolate,0.9907223326706428,0.0,0.010855683269476373,0.011243386243386243,0.4917073170731707,0.08495521565385145,0.15577235772357723,0.17277598421666215,0.914968903587341
4,Tier-1 host,0.9,B2 uncertainty triage,0.9589131875414182,0.03180914512922465,0.001277139208173691,0.0013802622498274672,0.4712195121951219,0.08031417941298057,0.14926829268292682,0.17043899357827139,0.9196749804786184
4,Tier-1 host,0.9,B3 graduated only,0.8916500994035789,0.0,0.010855683269476373,0.011243386243386243,0.0,0.0,0.0,0.0,1.0
4,Tier-1 host,0.9,SR-DMAF (full),0.8109343936381711,0.08548707753479125,0.0006385696040868455,0.000731528895391368,0.0,0.0,0.0,0.0,1.0
4,Tier-1 host,0.9,SR-DMAF w/o P1,0.8231941683233932,0.07157057654075547,0.001277139208173691,0.0014398848092152627,0.0,0.0,0.0,0.0,1.0
4,Tier-1 host,0.9,SR-DMAF w/o P2,0.8353214049039102,0.0583167660702452,0.0031928480204342275,0.0035410764872521247,0.0,0.0,0.0,0.0,1.0
4,Tier-1 host,0.9,SR-DMAF w/o P3,0.849834327369119,0.04638833664678595,0.0006385696040868455,0.0007012622720897616,0.0,0.0,0.0,0.0,1.0
4,Tier-1 host,0.9,SR-DMAF w/o P4,0.8976805831676606,0.08548707753479125,0.0006385696040868455,0.000731528895391368,0.42569105691056913,0.07297230260438198,0.13463414634146342,0.17142080252748249,0.927027697395618
4,Tier-1 host,0.9,SR-DMAF no-graduated,0.0,0.9907223326706428,0.0,0.0,0.0,0.0,0.0,0.0,1.0
4,Tier-1 host,0.95,B1 naive detect-isolate,0.9907223326706428,0.0,0.010855683269476373,0.011243386243386243,0.4917073170731707,0.08495521565385145,0.15577235772357723,0.17277598421666215,0.914968903587341
4,Tier-1 host,0.95,B2 uncertainty triage,0.9589131875414182,0.03180914512922465,0.001277139208173691,0.0013802622498274672,0.4712195121951219,0.08031417941298057,0.14926829268292682,0.17043899357827139,0.9196749804786184
4,Tier-1 host,0.95,B3 graduated only,0.9411862160371107,0.0,0.010855683269476373,0.011243386243386243,0.0,0.0,0.0,0.0,1.0
4,Tier-1 host,0.95,SR-DMAF (full),0.8543074884029159,0.08548707753479125,0.0006385696040868455,0.000731528895391368,0.0,0.0,0.0,0.0,1.0
4,Tier-1 host,0.95,SR-DMAF w/o P1,0.8671305500331346,0.07157057654075547,0.001277139208173691,0.0014398848092152627,0.0,0.0,0.0,0.0,1.0
4,Tier-1 host,0.95,SR-DMAF w/o P2,0.8800198807157057,0.0583167660702452,0.0031928480204342275,0.0035410764872521247,0.0,0.0,0.0,0.0,1.0
4,Tier-1 host,0.95,SR-DMAF w/o P3,0.8970178926441351,0.04638833664678595,0.0006385696040868455,0.0007012622720897616,0.0,0.0,0.0,0.0,1.0
4,Tier-1 host,0.95,SR-DMAF w/o P4,0.8976805831676606,0.08548707753479125,0.0006385696040868455,0.000731528895391368,0.42569105691056913,0.07297230260438198,0.13463414634146342,0.17142080252748249,0.927027697395618
4,Tier-1 host,0.95,SR-DMAF no-graduated,0.0,0.9907223326706428,0.0,0.0,0.0,0.0,0.0,0.0,1.0
4,Tier-1 host,1.0,B1 naive detect-isolate,0.9907223326706428,0.0,0.010855683269476373,0.011243386243386243,0.4917073170731707,0.08495521565385145,0.15577235772357723,0.17277598421666215,0.914968903587341
4,Tier-1 host,1.0,B2 uncertainty triage,0.9589131875414182,0.03180914512922465,0.001277139208173691,0.0013802622498274672,0.4712195121951219,0.08031417941298057,0.14926829268292682,0.17043899357827139,0.9196749804786184
4,Tier-1 host,1.0,B3 graduated only,0.9907223326706428,0.0,0.010855683269476373,0.011243386243386243,0.0,0.0,0.0,0.0,1.0
4,Tier-1 host,1.0,SR-DMAF (full),0.8976805831676606,0.08548707753479125,0.0006385696040868455,0.000731528895391368,0.0,0.0,0.0,0.0,1.0
4,Tier-1 host,1.0,SR-DMAF w/o P1,0.9110669317428762,0.07157057654075547,0.001277139208173691,0.0014398848092152627,0.0,0.0,0.0,0.0,1.0
4,Tier-1 host,1.0,SR-DMAF w/o P2,0.9247183565275017,0.0583167660702452,0.0031928480204342275,0.0035410764872521247,0.0,0.0,0.0,0.0,1.0
4,Tier-1 host,1.0,SR-DMAF w/o P3,0.9442014579191518,0.04638833664678595,0.0006385696040868455,0.0007012622720897616,0.0,0.0,0.0,0.0,1.0
4,Tier-1 host,1.0,SR-DMAF w/o P4,0.8976805831676606,0.08548707753479125,0.0006385696040868455,0.000731528895391368,0.42569105691056913,0.07297230260438198,0.13463414634146342,0.17142080252748249,0.927027697395618
4,Tier-1 host,1.0,SR-DMAF no-graduated,0.0,0.9907223326706428,0.0,0.0,0.0,0.0,0.0,0.0,1.0
