split,seed,model,bin_acc,bin_prec,bin_rec,bin_f1,bin_mcc,bin_auc,fam_acc,fam_macroF1,ransom_fam_macroF1,train_s
group,0,MLP-static,0.8443830570902394,0.7891682785299806,0.9583088667058133,0.8655529037390612,0.7032409479157679,0.9427139169953536,0.7427869858809085,0.6524952062072159,0.7086595979080502,6.726065397262573
group,0,MLP-behaviour,0.9868017188459177,0.978110599078341,0.9970640046975925,0.9874963652224484,0.9737254561971701,0.9979887960153541,0.8769183548189073,0.7572912713653273,0.7564615916291545,5.634970664978027
group,0,MLP-network,0.5227133210558625,0.5227133210558625,1.0,0.6865551300141101,0.0,0.8326767780708529,0.558317986494782,0.24216172465075517,0.2090051737446543,3.952632427215576
group,0,MLP-fused,0.9910988336402701,0.9940968122786304,0.9888432178508514,0.9914630556373271,0.9821803847976849,0.9991254321388584,0.9223449969306323,0.8512271541846305,0.8328888496523875,7.878705978393555
group,0,HGB-fused,0.994475138121547,0.9924021040327294,0.9970640046975925,0.9947275922671354,0.9889369315609763,0.9996204919255409,0.9579496623695519,0.9160535732432199,0.9191455424472421,
group,1,MLP-static,0.8441089596324254,0.7650862068965517,0.9732693625771076,0.8567119155354449,0.7153277812064034,0.958007321877757,0.7715786019035117,0.6689822747454597,0.7828049211100693,6.153097867965698
group,1,MLP-behaviour,0.9885132917623892,0.9778523489932885,0.9986291980808774,0.9881315700237369,0.9772078748225433,0.9979999067716578,0.8871020676074828,0.7782327124087155,0.8241974696054494,5.529733180999756
group,1,MLP-network,0.5369215621923203,0.5084805653710247,0.9862919808087731,0.6710188855211004,0.21433441060680627,0.8066824003881061,0.5851657367902855,0.24996263568543237,0.22126104456984885,5.61341667175293
group,1,MLP-fused,0.9901542500820479,0.9857239972807614,0.9938313913639479,0.9897610921501706,0.9803102287219603,0.9979597667910287,0.9360026255333115,0.8829237610923236,0.9079879057934725,8.91335153579712
group,1,HGB-fused,0.9934361667213653,0.9904567143830948,0.995887594242632,0.9931647300068353,0.9868653381581167,0.9996762904787966,0.958976042008533,0.9250362147124662,0.9479365736213655,
group,2,MLP-static,0.8402148371936892,0.7526011560693642,0.9644444444444444,0.8454545454545455,0.7079110598948938,0.9492385694472865,0.7428667338032897,0.6318036353247568,0.7671972000025288,8.720355987548828
group,2,MLP-behaviour,0.9895938234306815,0.9782451051486585,0.9992592592592593,0.9886405276658117,0.9792302531100593,0.999066002773799,0.9016448472641826,0.8140645757861251,0.8988690994978628,5.536149978637695
group,2,MLP-network,0.45317220543806647,0.45317220543806647,1.0,0.6237006237006237,0.0,0.8182120364686356,0.616985565626049,0.22633489683510585,0.1722032103482396,2.119004964828491
group,2,MLP-fused,0.9899295065458208,0.9888888888888889,0.9888888888888889,0.9888888888888889,0.9796807857581338,0.9938639929063502,0.9335347432024169,0.8592559643345972,0.9169497270837176,4.210230350494385
group,2,HGB-fused,0.9966431688486069,0.9948301329394387,0.9977777777777778,0.996301775147929,0.9932322899913779,0.9999340654343724,0.9704598858677409,0.9396573392507247,0.9469896101400338,
group,3,MLP-static,0.8452540106951871,0.770617149098853,0.9704264099037139,0.8590563165905631,0.715232861165779,0.9516910437642985,0.7647058823529411,0.6795535578750035,0.8042615703005579,6.730231761932373
group,3,MLP-behaviour,0.9866310160427807,0.9757738896366084,0.9972489683631361,0.9863945578231292,0.9734798293727955,0.9982414772574826,0.8736631016042781,0.7359008367572231,0.7226034573732053,5.857262134552002
group,3,MLP-network,0.4859625668449198,0.4859625668449198,1.0,0.6540710751237067,0.0,0.7858539645800205,0.5775401069518716,0.23665234288610096,0.20767488731885017,2.7686567306518555
group,3,MLP-fused,0.9919786096256684,0.9883879781420765,0.9951856946354883,0.9917751884852639,0.9839695890112816,0.9990352160668833,0.9421791443850267,0.8794702222401637,0.8888376003016547,5.768678426742554
group,3,HGB-fused,0.9943181818181818,0.9911141490088858,0.9972489683631361,0.994172094617758,0.988647235076076,0.9997585245312245,0.9642379679144385,0.9220104038725238,0.9246917067351795,
group,4,MLP-static,0.8448780487804878,0.7747603833865815,0.9642147117296223,0.8591674047829938,0.711651762979422,0.947660990210292,0.776260162601626,0.6846057619221079,0.8151099714589307,8.410579442977905
group,4,MLP-behaviour,0.9866666666666667,0.9753886010362695,0.9980119284294234,0.986570586308549,0.9735876775419435,0.9982019335667561,0.8839024390243903,0.7631518567865204,0.8097386319381049,5.799701452255249
group,4,MLP-network,0.49073170731707316,0.49073170731707316,1.0,0.6583769633507853,0.0,0.7911598099779357,0.567479674796748,0.20279865844095804,0.16265079365079363,1.710263729095459
group,4,MLP-fused,0.9902439024390244,0.9887640449438202,0.9913850231941683,0.9900727994705493,0.9804853598218066,0.9945179920900312,0.9424390243902439,0.8938129209761507,0.9337374872393798,8.187354803085327
group,4,HGB-fused,0.9960975609756098,0.994059405940594,0.9980119284294234,0.996031746031746,0.9922005634256984,0.9999411788104916,0.9652032520325203,0.9317639584031228,0.9514964981667248,
leaky,0,MLP-static,0.8442338072669826,0.7645569620253164,0.9817945383615084,0.8596641047537718,0.718157071402252,0.9613131942041127,0.7788309636650869,0.7185103754183352,0.916011827555379,6.3598408699035645
leaky,0,MLP-behaviour,0.990521327014218,0.9808673469387755,1.0,0.9903412749517064,0.9812141898965526,0.9989861432922809,0.9042654028436019,0.8119200089884968,0.888885564566248,5.74255895614624
leaky,0,MLP-network,0.4859399684044234,0.4859399684044234,1.0,0.6540506059961727,0.0,0.8065238102469462,0.5690363349131121,0.251583205813822,0.21895898298092395,3.7626888751983643
leaky,0,MLP-fused,0.9955766192733018,0.9928848641655886,0.9980494148244473,0.9954604409857328,0.9911601785257912,0.9997366450254683,0.9557661927330173,0.9111835197553342,0.9502492878789518,8.780024766921997
leaky,0,HGB-fused,0.9955766192733018,0.9922480620155039,0.9986996098829649,0.9954633830200907,0.9911676255146934,0.9999448513103408,0.9715639810426541,0.9497817585330961,0.9809646968166894,
leaky,1,MLP-static,0.8527646129541864,0.7768595041322314,0.9778933680104032,0.8658606793321819,0.7305524322697249,0.9610104758532662,0.7860979462875197,0.7278826756578809,0.917798389484218,6.830914497375488
leaky,1,MLP-behaviour,0.9886255924170616,0.978343949044586,0.9986996098829649,0.9884169884169884,0.9774460767959995,0.9980697958619302,0.9146919431279621,0.8439842410318502,0.9280657994988335,5.714919805526733
leaky,1,MLP-network,0.4859399684044234,0.4859399684044234,1.0,0.6540506059961727,0.0,0.8139940599266442,0.5993680884676146,0.27034662856824215,0.24746948570428975,3.215390682220459
leaky,1,MLP-fused,0.9933649289099526,0.9896707553260168,0.9967490247074122,0.9931972789115646,0.9867458206178218,0.997882969685005,0.957345971563981,0.9272831340006893,0.9707873884396685,8.682355642318726
leaky,1,HGB-fused,0.9943127962085309,0.9909560723514211,0.9973992197659298,0.9941672067401166,0.9886383783158089,0.999806979586193,0.9734597156398104,0.9573830656708103,0.9871914450516611,
leaky,2,MLP-static,0.8502369668246446,0.7728205128205128,0.9798439531859557,0.864105504587156,0.7271634362363937,0.9620770834815289,0.7848341232227488,0.7146288663092685,0.8674196623279377,8.424602746963501
leaky,2,MLP-behaviour,0.9886255924170616,0.97712833545108,1.0,0.9884318766066839,0.9775007900413429,0.9984166731273223,0.9039494470774092,0.8197676518676091,0.8869435096893493,5.774373292922974
leaky,2,MLP-network,0.5150078988941548,0.5004913200131018,0.9934980494148244,0.6656501851448486,0.15200556773732155,0.7920316937121702,0.5864139020537125,0.24840300332940415,0.22389276360021856,3.543267250061035
leaky,2,MLP-fused,0.9949447077409163,0.9928756476683938,0.9967490247074122,0.9948085658663206,0.9898896185977241,0.9994964684857209,0.9519747235387046,0.8963756931654098,0.9231141043688688,8.01981806755066
leaky,2,HGB-fused,0.995260663507109,0.9909735654416505,0.9993498049414824,0.9951440595662027,0.9905494795037094,0.999906487004491,0.970300157977883,0.9450262942613965,0.9639847036347305,
leaky,3,MLP-static,0.8540284360189574,0.7778925619834711,0.9791937581274383,0.8670120898100173,0.7331466304352431,0.9607357314754351,0.7867298578199052,0.7230633249161442,0.9044217423266754,8.303271293640137
leaky,3,MLP-behaviour,0.9879936808846761,0.9789272030651341,0.9967490247074122,0.9877577319587629,0.976133215430388,0.9982180579189122,0.8928909952606635,0.8097558889785832,0.8851824146107766,5.845948219299316
leaky,3,MLP-network,0.530173775671406,0.5084971676107964,0.9921976592977894,0.672394800616876,0.1930625413799289,0.8021876446154498,0.5889415481832544,0.25742498532722224,0.2424844484541061,4.100285530090332
leaky,3,MLP-fused,0.9908372827804107,0.9889825016202204,0.9921976592977894,0.9905874716001298,0.9816666008598979,0.9987068031903117,0.9481832543443918,0.8996835112663305,0.936308659846632,8.531820058822632
leaky,3,HGB-fused,0.9936808846761453,0.991580310880829,0.9954486345903771,0.9935107073329007,0.987360223861769,0.999825362482746,0.9687203791469194,0.9462700841544452,0.972774867300597,
leaky,4,MLP-static,0.8641390205371248,0.791578947368421,0.9778933680104032,0.8749272833042466,0.7494489371910662,0.9602046256163266,0.8060031595576619,0.7404012838346811,0.9131304297523372,8.499490976333618
leaky,4,MLP-behaviour,0.9867298578199052,0.9752223634053367,0.9980494148244473,0.9865038560411311,0.9737077662128005,0.9982088664706357,0.9058451816745655,0.830960271652225,0.9181758133913233,5.810465335845947
leaky,4,MLP-network,0.4859399684044234,0.4859399684044234,1.0,0.6540506059961727,0.0,0.7972144716555716,0.5823064770932069,0.2467558386628139,0.24140176530779803,2.7885310649871826
leaky,4,MLP-fused,0.9924170616113744,0.9896507115135834,0.9947984395318595,0.9922178988326849,0.9848368811679431,0.9990744611213727,0.9582938388625593,0.920620704076788,0.9559512841450007,7.0127763748168945
leaky,4,HGB-fused,0.9958925750394945,0.99545159194282,0.9960988296488946,0.9957751056223595,0.9917789936674645,0.9996775000539498,0.9813586097946287,0.9592860973467068,0.9645219064494478,
