seed,level,share_of_mal_calls,precision
0,HIGH,0.861664712778429,0.998639455782313
0,MEDIUM,0.03458382180539273,1.0
0,LOW,0.10375146541617819,0.9209039548022598
1,HIGH,0.8379661016949153,0.9983818770226537
1,MEDIUM,0.03457627118644068,0.9803921568627451
1,LOW,0.12745762711864406,0.8882978723404256
2,HIGH,0.8348082595870207,0.9991166077738516
2,MEDIUM,0.046460176991150445,0.9841269841269841
2,LOW,0.1187315634218289,0.8881987577639752
3,HIGH,0.7859577368779823,0.9991326973113617
3,MEDIUM,0.050443081117927745,1.0
3,LOW,0.16359918200409,0.925
4,HIGH,0.8657407407407407,1.0
4,MEDIUM,0.03835978835978836,0.9827586206896551
4,LOW,0.0958994708994709,0.8896551724137931
